--
-- PostgreSQL database dump
--

-- Dumped from database version 14.14 (Homebrew)
-- Dumped by pg_dump version 14.14 (Homebrew)

-- Started on 2024-12-03 21:13:01 EST

SET statement_timeout = 0;
SET lock_timeout = 0;
SET idle_in_transaction_session_timeout = 0;
SET client_encoding = 'UTF8';
SET standard_conforming_strings = on;
SELECT pg_catalog.set_config('search_path', '', false);
SET check_function_bodies = false;
SET xmloption = content;
SET client_min_messages = warning;
SET row_security = off;

SET default_tablespace = '';

SET default_table_access_method = heap;

--
-- TOC entry 216 (class 1259 OID 16812)
-- Name: auth_group; Type: TABLE; Schema: public; Owner: kristinejohnson
--

CREATE TABLE public.auth_group (
    id integer NOT NULL,
    name character varying(150) NOT NULL
);


ALTER TABLE public.auth_group OWNER TO kristinejohnson;

--
-- TOC entry 215 (class 1259 OID 16811)
-- Name: auth_group_id_seq; Type: SEQUENCE; Schema: public; Owner: kristinejohnson
--

ALTER TABLE public.auth_group ALTER COLUMN id ADD GENERATED BY DEFAULT AS IDENTITY (
    SEQUENCE NAME public.auth_group_id_seq
    START WITH 1
    INCREMENT BY 1
    NO MINVALUE
    NO MAXVALUE
    CACHE 1
);


--
-- TOC entry 218 (class 1259 OID 16820)
-- Name: auth_group_permissions; Type: TABLE; Schema: public; Owner: kristinejohnson
--

CREATE TABLE public.auth_group_permissions (
    id integer NOT NULL,
    group_id integer NOT NULL,
    permission_id integer NOT NULL
);


ALTER TABLE public.auth_group_permissions OWNER TO kristinejohnson;

--
-- TOC entry 217 (class 1259 OID 16819)
-- Name: auth_group_permissions_id_seq; Type: SEQUENCE; Schema: public; Owner: kristinejohnson
--

ALTER TABLE public.auth_group_permissions ALTER COLUMN id ADD GENERATED BY DEFAULT AS IDENTITY (
    SEQUENCE NAME public.auth_group_permissions_id_seq
    START WITH 1
    INCREMENT BY 1
    NO MINVALUE
    NO MAXVALUE
    CACHE 1
);


--
-- TOC entry 214 (class 1259 OID 16806)
-- Name: auth_permission; Type: TABLE; Schema: public; Owner: kristinejohnson
--

CREATE TABLE public.auth_permission (
    id integer NOT NULL,
    name character varying(255) NOT NULL,
    content_type_id integer NOT NULL,
    codename character varying(100) NOT NULL
);


ALTER TABLE public.auth_permission OWNER TO kristinejohnson;

--
-- TOC entry 213 (class 1259 OID 16805)
-- Name: auth_permission_id_seq; Type: SEQUENCE; Schema: public; Owner: kristinejohnson
--

ALTER TABLE public.auth_permission ALTER COLUMN id ADD GENERATED BY DEFAULT AS IDENTITY (
    SEQUENCE NAME public.auth_permission_id_seq
    START WITH 1
    INCREMENT BY 1
    NO MINVALUE
    NO MAXVALUE
    CACHE 1
);


--
-- TOC entry 220 (class 1259 OID 16826)
-- Name: auth_user; Type: TABLE; Schema: public; Owner: kristinejohnson
--

CREATE TABLE public.auth_user (
    id integer NOT NULL,
    password character varying(128) NOT NULL,
    last_login timestamp with time zone,
    is_superuser boolean NOT NULL,
    username character varying(150) NOT NULL,
    first_name character varying(150) NOT NULL,
    last_name character varying(150) NOT NULL,
    email character varying(254) NOT NULL,
    is_staff boolean NOT NULL,
    is_active boolean NOT NULL,
    date_joined timestamp with time zone NOT NULL
);


ALTER TABLE public.auth_user OWNER TO kristinejohnson;

--
-- TOC entry 222 (class 1259 OID 16834)
-- Name: auth_user_groups; Type: TABLE; Schema: public; Owner: kristinejohnson
--

CREATE TABLE public.auth_user_groups (
    id integer NOT NULL,
    user_id integer NOT NULL,
    group_id integer NOT NULL
);


ALTER TABLE public.auth_user_groups OWNER TO kristinejohnson;

--
-- TOC entry 221 (class 1259 OID 16833)
-- Name: auth_user_groups_id_seq; Type: SEQUENCE; Schema: public; Owner: kristinejohnson
--

ALTER TABLE public.auth_user_groups ALTER COLUMN id ADD GENERATED BY DEFAULT AS IDENTITY (
    SEQUENCE NAME public.auth_user_groups_id_seq
    START WITH 1
    INCREMENT BY 1
    NO MINVALUE
    NO MAXVALUE
    CACHE 1
);


--
-- TOC entry 219 (class 1259 OID 16825)
-- Name: auth_user_id_seq; Type: SEQUENCE; Schema: public; Owner: kristinejohnson
--

ALTER TABLE public.auth_user ALTER COLUMN id ADD GENERATED BY DEFAULT AS IDENTITY (
    SEQUENCE NAME public.auth_user_id_seq
    START WITH 1
    INCREMENT BY 1
    NO MINVALUE
    NO MAXVALUE
    CACHE 1
);


--
-- TOC entry 224 (class 1259 OID 16840)
-- Name: auth_user_user_permissions; Type: TABLE; Schema: public; Owner: kristinejohnson
--

CREATE TABLE public.auth_user_user_permissions (
    id integer NOT NULL,
    user_id integer NOT NULL,
    permission_id integer NOT NULL
);


ALTER TABLE public.auth_user_user_permissions OWNER TO kristinejohnson;

--
-- TOC entry 223 (class 1259 OID 16839)
-- Name: auth_user_user_permissions_id_seq; Type: SEQUENCE; Schema: public; Owner: kristinejohnson
--

ALTER TABLE public.auth_user_user_permissions ALTER COLUMN id ADD GENERATED BY DEFAULT AS IDENTITY (
    SEQUENCE NAME public.auth_user_user_permissions_id_seq
    START WITH 1
    INCREMENT BY 1
    NO MINVALUE
    NO MAXVALUE
    CACHE 1
);


--
-- TOC entry 228 (class 1259 OID 16927)
-- Name: cards_card; Type: TABLE; Schema: public; Owner: kristinejohnson
--

CREATE TABLE public.cards_card (
    id bigint NOT NULL,
    anishinaabemowin character varying(100) NOT NULL,
    english character varying(100) NOT NULL,
    pronunciation character varying(100) NOT NULL,
    subject character varying(100),
    date_created timestamp with time zone NOT NULL,
    example_sentence text NOT NULL,
    audio_file character varying(100) NOT NULL,
    deck_id bigint NOT NULL,
    date_modified timestamp with time zone NOT NULL,
    image_file character varying(100) NOT NULL
);


ALTER TABLE public.cards_card OWNER TO kristinejohnson;

--
-- TOC entry 227 (class 1259 OID 16926)
-- Name: cards_card_id_seq; Type: SEQUENCE; Schema: public; Owner: kristinejohnson
--

ALTER TABLE public.cards_card ALTER COLUMN id ADD GENERATED BY DEFAULT AS IDENTITY (
    SEQUENCE NAME public.cards_card_id_seq
    START WITH 1
    INCREMENT BY 1
    NO MINVALUE
    NO MAXVALUE
    CACHE 1
);


--
-- TOC entry 230 (class 1259 OID 16935)
-- Name: cards_deck; Type: TABLE; Schema: public; Owner: kristinejohnson
--

CREATE TABLE public.cards_deck (
    id bigint NOT NULL,
    name character varying(255) NOT NULL,
    description text NOT NULL,
    date_created timestamp with time zone NOT NULL,
    is_public boolean NOT NULL,
    updated_at timestamp with time zone NOT NULL
);


ALTER TABLE public.cards_deck OWNER TO kristinejohnson;

--
-- TOC entry 229 (class 1259 OID 16934)
-- Name: cards_deck_id_seq; Type: SEQUENCE; Schema: public; Owner: kristinejohnson
--

ALTER TABLE public.cards_deck ALTER COLUMN id ADD GENERATED BY DEFAULT AS IDENTITY (
    SEQUENCE NAME public.cards_deck_id_seq
    START WITH 1
    INCREMENT BY 1
    NO MINVALUE
    NO MAXVALUE
    CACHE 1
);


--
-- TOC entry 234 (class 1259 OID 16957)
-- Name: cards_profile; Type: TABLE; Schema: public; Owner: kristinejohnson
--

CREATE TABLE public.cards_profile (
    id bigint NOT NULL,
    preferred_name character varying(100),
    created_at timestamp with time zone NOT NULL,
    updated_at timestamp with time zone NOT NULL,
    user_id integer NOT NULL
);


ALTER TABLE public.cards_profile OWNER TO kristinejohnson;

--
-- TOC entry 236 (class 1259 OID 16967)
-- Name: cards_profile_chosen_decks; Type: TABLE; Schema: public; Owner: kristinejohnson
--

CREATE TABLE public.cards_profile_chosen_decks (
    id integer NOT NULL,
    profile_id bigint NOT NULL,
    deck_id bigint NOT NULL
);


ALTER TABLE public.cards_profile_chosen_decks OWNER TO kristinejohnson;

--
-- TOC entry 235 (class 1259 OID 16966)
-- Name: cards_profile_chosen_decks_id_seq; Type: SEQUENCE; Schema: public; Owner: kristinejohnson
--

ALTER TABLE public.cards_profile_chosen_decks ALTER COLUMN id ADD GENERATED BY DEFAULT AS IDENTITY (
    SEQUENCE NAME public.cards_profile_chosen_decks_id_seq
    START WITH 1
    INCREMENT BY 1
    NO MINVALUE
    NO MAXVALUE
    CACHE 1
);


--
-- TOC entry 233 (class 1259 OID 16956)
-- Name: cards_profile_id_seq; Type: SEQUENCE; Schema: public; Owner: kristinejohnson
--

ALTER TABLE public.cards_profile ALTER COLUMN id ADD GENERATED BY DEFAULT AS IDENTITY (
    SEQUENCE NAME public.cards_profile_id_seq
    START WITH 1
    INCREMENT BY 1
    NO MINVALUE
    NO MAXVALUE
    CACHE 1
);


--
-- TOC entry 232 (class 1259 OID 16951)
-- Name: cards_usercardprogress; Type: TABLE; Schema: public; Owner: kristinejohnson
--

CREATE TABLE public.cards_usercardprogress (
    id bigint NOT NULL,
    box_level integer NOT NULL,
    last_reviewed timestamp with time zone NOT NULL,
    next_review_date timestamp with time zone NOT NULL,
    card_mastered boolean NOT NULL,
    card_id bigint NOT NULL,
    user_id integer NOT NULL,
    review_log jsonb NOT NULL
);


ALTER TABLE public.cards_usercardprogress OWNER TO kristinejohnson;

--
-- TOC entry 231 (class 1259 OID 16950)
-- Name: cards_usercardprogress_id_seq; Type: SEQUENCE; Schema: public; Owner: kristinejohnson
--

ALTER TABLE public.cards_usercardprogress ALTER COLUMN id ADD GENERATED BY DEFAULT AS IDENTITY (
    SEQUENCE NAME public.cards_usercardprogress_id_seq
    START WITH 1
    INCREMENT BY 1
    NO MINVALUE
    NO MAXVALUE
    CACHE 1
);


--
-- TOC entry 239 (class 1259 OID 17127)
-- Name: cards_userdeck; Type: TABLE; Schema: public; Owner: kristinejohnson
--

CREATE TABLE public.cards_userdeck (
    id bigint NOT NULL,
    profile_id bigint NOT NULL
);


ALTER TABLE public.cards_userdeck OWNER TO kristinejohnson;

--
-- TOC entry 241 (class 1259 OID 17135)
-- Name: cards_userdeck_cards; Type: TABLE; Schema: public; Owner: kristinejohnson
--

CREATE TABLE public.cards_userdeck_cards (
    id integer NOT NULL,
    userdeck_id bigint NOT NULL,
    card_id bigint NOT NULL
);


ALTER TABLE public.cards_userdeck_cards OWNER TO kristinejohnson;

--
-- TOC entry 240 (class 1259 OID 17134)
-- Name: cards_userdeck_cards_id_seq; Type: SEQUENCE; Schema: public; Owner: kristinejohnson
--

ALTER TABLE public.cards_userdeck_cards ALTER COLUMN id ADD GENERATED BY DEFAULT AS IDENTITY (
    SEQUENCE NAME public.cards_userdeck_cards_id_seq
    START WITH 1
    INCREMENT BY 1
    NO MINVALUE
    NO MAXVALUE
    CACHE 1
);


--
-- TOC entry 238 (class 1259 OID 17126)
-- Name: cards_userdeck_id_seq; Type: SEQUENCE; Schema: public; Owner: kristinejohnson
--

ALTER TABLE public.cards_userdeck ALTER COLUMN id ADD GENERATED BY DEFAULT AS IDENTITY (
    SEQUENCE NAME public.cards_userdeck_id_seq
    START WITH 1
    INCREMENT BY 1
    NO MINVALUE
    NO MAXVALUE
    CACHE 1
);


--
-- TOC entry 226 (class 1259 OID 16898)
-- Name: django_admin_log; Type: TABLE; Schema: public; Owner: kristinejohnson
--

CREATE TABLE public.django_admin_log (
    id integer NOT NULL,
    action_time timestamp with time zone NOT NULL,
    object_id text,
    object_repr character varying(200) NOT NULL,
    action_flag smallint NOT NULL,
    change_message text NOT NULL,
    content_type_id integer,
    user_id integer NOT NULL,
    CONSTRAINT django_admin_log_action_flag_check CHECK ((action_flag >= 0))
);


ALTER TABLE public.django_admin_log OWNER TO kristinejohnson;

--
-- TOC entry 225 (class 1259 OID 16897)
-- Name: django_admin_log_id_seq; Type: SEQUENCE; Schema: public; Owner: kristinejohnson
--

ALTER TABLE public.django_admin_log ALTER COLUMN id ADD GENERATED BY DEFAULT AS IDENTITY (
    SEQUENCE NAME public.django_admin_log_id_seq
    START WITH 1
    INCREMENT BY 1
    NO MINVALUE
    NO MAXVALUE
    CACHE 1
);


--
-- TOC entry 212 (class 1259 OID 16798)
-- Name: django_content_type; Type: TABLE; Schema: public; Owner: kristinejohnson
--

CREATE TABLE public.django_content_type (
    id integer NOT NULL,
    app_label character varying(100) NOT NULL,
    model character varying(100) NOT NULL
);


ALTER TABLE public.django_content_type OWNER TO kristinejohnson;

--
-- TOC entry 211 (class 1259 OID 16797)
-- Name: django_content_type_id_seq; Type: SEQUENCE; Schema: public; Owner: kristinejohnson
--

ALTER TABLE public.django_content_type ALTER COLUMN id ADD GENERATED BY DEFAULT AS IDENTITY (
    SEQUENCE NAME public.django_content_type_id_seq
    START WITH 1
    INCREMENT BY 1
    NO MINVALUE
    NO MAXVALUE
    CACHE 1
);


--
-- TOC entry 210 (class 1259 OID 16790)
-- Name: django_migrations; Type: TABLE; Schema: public; Owner: kristinejohnson
--

CREATE TABLE public.django_migrations (
    id integer NOT NULL,
    app character varying(255) NOT NULL,
    name character varying(255) NOT NULL,
    applied timestamp with time zone NOT NULL
);


ALTER TABLE public.django_migrations OWNER TO kristinejohnson;

--
-- TOC entry 209 (class 1259 OID 16789)
-- Name: django_migrations_id_seq; Type: SEQUENCE; Schema: public; Owner: kristinejohnson
--

ALTER TABLE public.django_migrations ALTER COLUMN id ADD GENERATED BY DEFAULT AS IDENTITY (
    SEQUENCE NAME public.django_migrations_id_seq
    START WITH 1
    INCREMENT BY 1
    NO MINVALUE
    NO MAXVALUE
    CACHE 1
);


--
-- TOC entry 237 (class 1259 OID 17116)
-- Name: django_session; Type: TABLE; Schema: public; Owner: kristinejohnson
--

CREATE TABLE public.django_session (
    session_key character varying(40) NOT NULL,
    session_data text NOT NULL,
    expire_date timestamp with time zone NOT NULL
);


ALTER TABLE public.django_session OWNER TO kristinejohnson;

--
-- TOC entry 3782 (class 0 OID 16812)
-- Dependencies: 216
-- Data for Name: auth_group; Type: TABLE DATA; Schema: public; Owner: kristinejohnson
--

COPY public.auth_group (id, name) FROM stdin;
\.


--
-- TOC entry 3784 (class 0 OID 16820)
-- Dependencies: 218
-- Data for Name: auth_group_permissions; Type: TABLE DATA; Schema: public; Owner: kristinejohnson
--

COPY public.auth_group_permissions (id, group_id, permission_id) FROM stdin;
\.


--
-- TOC entry 3780 (class 0 OID 16806)
-- Dependencies: 214
-- Data for Name: auth_permission; Type: TABLE DATA; Schema: public; Owner: kristinejohnson
--

COPY public.auth_permission (id, name, content_type_id, codename) FROM stdin;
1	Can add log entry	1	add_logentry
2	Can change log entry	1	change_logentry
3	Can delete log entry	1	delete_logentry
4	Can view log entry	1	view_logentry
5	Can add permission	2	add_permission
6	Can change permission	2	change_permission
7	Can delete permission	2	delete_permission
8	Can view permission	2	view_permission
9	Can add group	3	add_group
10	Can change group	3	change_group
11	Can delete group	3	delete_group
12	Can view group	3	view_group
13	Can add user	4	add_user
14	Can change user	4	change_user
15	Can delete user	4	delete_user
16	Can view user	4	view_user
17	Can add content type	5	add_contenttype
18	Can change content type	5	change_contenttype
19	Can delete content type	5	delete_contenttype
20	Can view content type	5	view_contenttype
21	Can add session	6	add_session
22	Can change session	6	change_session
23	Can delete session	6	delete_session
24	Can view session	6	view_session
25	Can add Flashcard	7	add_card
26	Can change Flashcard	7	change_card
27	Can delete Flashcard	7	delete_card
28	Can view Flashcard	7	view_card
29	Can add deck	8	add_deck
30	Can change deck	8	change_deck
31	Can delete deck	8	delete_deck
32	Can view deck	8	view_deck
33	Can add user card progress	9	add_usercardprogress
34	Can change user card progress	9	change_usercardprogress
35	Can delete user card progress	9	delete_usercardprogress
36	Can view user card progress	9	view_usercardprogress
37	Can add profile	10	add_profile
38	Can change profile	10	change_profile
39	Can delete profile	10	delete_profile
40	Can view profile	10	view_profile
41	Can add user deck	11	add_userdeck
42	Can change user deck	11	change_userdeck
43	Can delete user deck	11	delete_userdeck
44	Can view user deck	11	view_userdeck
\.


--
-- TOC entry 3786 (class 0 OID 16826)
-- Dependencies: 220
-- Data for Name: auth_user; Type: TABLE DATA; Schema: public; Owner: kristinejohnson
--

COPY public.auth_user (id, password, last_login, is_superuser, username, first_name, last_name, email, is_staff, is_active, date_joined) FROM stdin;
4	pbkdf2_sha256$600000$Hs17efSD6sk551aNxIhxJp$Fj2XwNXRSFxeJ3WvepG/q9WvEBrH5v9LPy9SEUgsp9I=	2024-11-26 13:29:07.92257-05	f	kristinejohnson				f	t	2024-11-26 13:29:07.723143-05
5	pbkdf2_sha256$600000$20QcvU8t3qdWUvzxALn0tV$Nk3rEc+c2wuxbhi8tZbZfiEISHGA3tlR+0EyajvENyk=	2024-11-26 22:48:41.073779-05	f	apollo1234				f	t	2024-11-26 22:48:40.878454-05
6	pbkdf2_sha256$600000$O05y4QtRTW9prv8RN9hRsM$9tusk44/Sm0kMKqheYvXN21UnbSDc5MY3/J1vEcNTiA=	2024-11-27 13:22:37.498258-05	f	AthenaJohnson				f	t	2024-11-27 13:22:37.296633-05
3	pbkdf2_sha256$600000$VqJlFL6tXDhC0aAeNR49Wn$m+wmSOgzH3Rx2ShukBTYrRpceGhgqjFY/SI7gHFv0vM=	2024-12-02 20:01:04.139198-05	t	kristineallisonjohnson			kristineallisonjohnson@outlook.com	t	t	2024-11-26 13:28:06.249525-05
\.


--
-- TOC entry 3788 (class 0 OID 16834)
-- Dependencies: 222
-- Data for Name: auth_user_groups; Type: TABLE DATA; Schema: public; Owner: kristinejohnson
--

COPY public.auth_user_groups (id, user_id, group_id) FROM stdin;
\.


--
-- TOC entry 3790 (class 0 OID 16840)
-- Dependencies: 224
-- Data for Name: auth_user_user_permissions; Type: TABLE DATA; Schema: public; Owner: kristinejohnson
--

COPY public.auth_user_user_permissions (id, user_id, permission_id) FROM stdin;
\.


--
-- TOC entry 3794 (class 0 OID 16927)
-- Dependencies: 228
-- Data for Name: cards_card; Type: TABLE DATA; Schema: public; Owner: kristinejohnson
--

COPY public.cards_card (id, anishinaabemowin, english, pronunciation, subject, date_created, example_sentence, audio_file, deck_id, date_modified, image_file) FROM stdin;
226	Niibin	It is Summer.	nee-bin		2024-11-23 22:23:11.0825-05			20	2024-11-23 22:23:11.082508-05	
227	Niibing	When it is Summer.	nee-bing		2024-11-23 22:23:11.084508-05			20	2024-11-23 22:23:11.084523-05	
228	Niibinong	Last Summer (During the Summer)	nee-bin-ohng		2024-11-23 22:23:11.086732-05			20	2024-11-23 22:23:11.086751-05	
229	Manoomin Giizis	August	mah-noh-min gee-zis		2024-11-23 22:23:11.088563-05			20	2024-11-23 22:23:11.088578-05	
230	Miin(an)	Berry, Berries	meen(ahn)		2024-11-23 22:23:11.090404-05			20	2024-11-23 22:23:11.090414-05	
231	Mskomin(ak)	Raspberry, Raspberries	muh-sko-min(ahk)		2024-11-23 22:23:11.091779-05			20	2024-11-23 22:23:11.091789-05	
232	Nangwa	Today	nahng-wah		2024-11-23 22:23:11.093222-05			20	2024-11-23 22:23:11.093232-05	
233	Jiinaagwa	Yesterday	jee-nah-gwah		2024-11-23 22:23:11.094708-05			20	2024-11-23 22:23:11.09472-05	
234	Waabang	Tomorrow	wah-bahng		2024-11-23 22:23:11.096632-05			20	2024-11-23 22:23:11.096642-05	
235	oZaawaa	Yellow	oh-zah-wah		2024-11-23 22:23:11.098745-05			20	2024-11-23 22:23:11.098754-05	
236	Mskwaa	Red	muh-skwah		2024-11-23 22:23:11.100031-05			20	2024-11-23 22:23:11.100038-05	
237	Mkadewaa	Black	muh-kah-deh-wah		2024-11-23 22:23:11.101769-05			20	2024-11-23 22:23:11.101779-05	
238	Waabshkaa	White	wahb-shkah		2024-11-23 22:23:11.103838-05			20	2024-11-23 22:23:11.103849-05	
239	Zhaawshkwaa	Green	zhahw-shkwah		2024-11-23 22:23:11.105972-05			20	2024-11-23 22:23:11.105978-05	
240	Waabanong	East	wah-bah-nohng		2024-11-23 22:23:11.108215-05			20	2024-11-23 22:23:11.108222-05	
241	Zhaawanong	South	zhah-wah-nohng		2024-11-23 22:23:11.110152-05			20	2024-11-23 22:23:11.110166-05	
242	Epngishmok	West	ep-ngish-mohk		2024-11-23 22:23:11.112137-05			20	2024-11-23 22:23:11.112147-05	
243	Giiwedinong	North	gee-weh-dih-nohng		2024-11-23 22:23:11.114079-05			20	2024-11-23 22:23:11.11409-05	
244	Niibing, gwii-zhaami zaag’iganing.	This Summer, we will go to the Lake.	nee-bing g-wih zah-mee zahg-ih-gah-ning		2024-11-23 22:23:11.115735-05			20	2024-11-23 22:23:11.115742-05	
245	Niibinong, gaawiin ngii-zhaasii wiikwedong.	Last Summer, I didn’t go to the Bay.	nee-bin-ohng gah-ween n-gee zah-see wee-kweh-dohng		2024-11-23 22:23:11.116817-05			20	2024-11-23 22:23:11.116823-05	
246	Aambe Miinkedaa!	Let’s go berry picking!	ahm-beh meen-keh-dah		2024-11-23 22:23:11.118307-05			20	2024-11-23 22:23:11.118318-05	
247	N’minopidaanan Miinan.	I like the taste of Blueberries.	n-min-oh-pih-dah-nahn mee-nahn		2024-11-23 22:23:11.120263-05			20	2024-11-23 22:23:11.120274-05	
248	N’minopwaag Mskominak.	I like the taste of Raspberries.	n-min-oh-pwahg muh-sko-min-ahk		2024-11-23 22:23:11.122509-05			20	2024-11-23 22:23:11.122519-05	
249	Aaniish endso-dba’ganeg?	What time is it?	ah-neesh end-soh-dbah-gah-neg		2024-11-23 22:23:53.203786-05			21	2024-11-23 22:23:53.2038-05	
250	Dba’giiswaan	Clock, Watch, Hour(s)	dbah-gee-swahn		2024-11-23 22:23:53.20582-05			21	2024-11-23 22:23:53.205834-05	
251	Ngo-dba’ganed	One O’clock	ngoh-dbah-gah-ned		2024-11-23 22:23:53.207879-05			21	2024-11-23 22:23:53.207891-05	
252	Niizho-dba’ganed	Two O’clock	nee-zhoh-dbah-gah-ned		2024-11-23 22:23:53.209474-05			21	2024-11-23 22:23:53.209485-05	
253	Nso-dba’ganed	Three O’clock	n-soh-dbah-gah-ned		2024-11-23 22:23:53.211259-05			21	2024-11-23 22:23:53.211269-05	
254	Niiwo-dba’ganed	Four O’clock	nee-woh-dbah-gah-ned		2024-11-23 22:23:53.212717-05			21	2024-11-23 22:23:53.212728-05	
255	Naano-dba’ganed	Five O’clock	nah-noh-dbah-gah-ned		2024-11-23 22:23:53.214542-05			21	2024-11-23 22:23:53.214563-05	
256	Ngodwaaso-dba’ganed	Six O’clock	ngoh-dwah-soh-dbah-gah-ned		2024-11-23 22:23:53.216534-05			21	2024-11-23 22:23:53.216551-05	
257	Niizhwaaso-dba’ganed	Seven O’clock	nee-zhwah-soh-dbah-gah-ned		2024-11-23 22:23:53.218423-05			21	2024-11-23 22:23:53.218437-05	
258	Nshwaaso-dba’ganed	Eight O’clock	nshwah-soh-dbah-gah-ned		2024-11-23 22:23:53.220106-05			21	2024-11-23 22:23:53.220119-05	
259	Zhaangso-dba’ganed	Nine O’clock	zhahng-soh-dbah-gah-ned		2024-11-23 22:23:53.221818-05			21	2024-11-23 22:23:53.221829-05	
260	Mdaaso-dba’ganed	Ten O’clock	mdah-soh-dbah-gah-ned		2024-11-23 22:23:53.223782-05			21	2024-11-23 22:23:53.223789-05	
261	Mdaaswi-shi-Bezhig ndso-dba’ganed	Eleven O’clock	mdah-swee-shee-beh-zhig n-soh-dbah-gah-ned		2024-11-23 22:23:53.224986-05			21	2024-11-23 22:23:53.224991-05	
262	Naakwe(k)	(at) Noon	nah-kweh(k)		2024-11-23 22:23:53.226206-05			21	2024-11-23 22:23:53.226217-05	
263	Aabtaa debikad	It is Midnight	ahb-tah deh-bih-kahd		2024-11-23 22:23:53.228067-05			21	2024-11-23 22:23:53.228078-05	
264	Dba’gaans	Minute(s)	dbah-gahns		2024-11-23 22:23:53.230106-05			21	2024-11-23 22:23:53.230118-05	
265	Aaniish epiichyaag?	What time is it? (Another way to ask)	ah-neesh eh-pee-chyahg		2024-11-23 22:23:53.232054-05			21	2024-11-23 22:23:53.232064-05	
266	Ngodwaaso-dba’ganed piichyaa.	It is Six O’clock.	ngoh-dwah-soh-dbah-gah-ned pee-chyah		2024-11-23 22:23:53.234084-05			21	2024-11-23 22:23:53.234094-05	
267	Naakwe shi Aabtaa.	Half past Noon.	nah-kweh shee ahb-tah		2024-11-23 22:23:53.236091-05			21	2024-11-23 22:23:53.236102-05	
268	Dagwaagi	It is Fall	dah-gwah-gee		2024-11-23 22:24:44.479425-05			22	2024-11-23 22:24:44.479443-05	
269	Waabagaa	The leaves are turning color	wah-bah-gah		2024-11-23 22:24:44.482195-05			22	2024-11-23 22:24:44.482218-05	
270	Waabagaa Giizis	The leaves turning color moon	wah-bah-gah gee-zis		2024-11-23 22:24:44.484596-05			22	2024-11-23 22:24:44.484611-05	
271	Mtigwaakiing G’wii zhaami	We will go to the Forest	m-tih-gwah-kee-ing g-wih zah-mee		2024-11-23 22:24:44.486409-05			22	2024-11-23 22:24:44.486436-05	
272	G’wii oo giiwsemi nangwa	We will go hunting today	g-wih oh gee-w-seh-mee nang-wah		2024-11-23 22:24:44.48805-05			22	2024-11-23 22:24:44.488062-05	
273	Zhashkwedoonyan n’da waabndaanan	I see Mushrooms	zhahsh-kweh-dohn-yahn n-dah wah-bn-dah-nahn		2024-11-23 22:24:44.489682-05			22	2024-11-23 22:24:44.489694-05	
274	N’daa miijinan na?	Should I eat them?	n-dah mee-jee-nahn nah		2024-11-23 22:24:44.491317-05			22	2024-11-23 22:24:44.491328-05	
275	Enh! Nboobiing gwii toonan	Yes! You will want to put them in the soup	en! n-boh-beeng g-wih too-nahn		2024-11-23 22:24:44.492931-05			22	2024-11-23 22:24:44.492942-05	
276	Maaba Bine ge’ii gwa	This Partridge too!	mah-bah bih-neh geh-ee gwah		2024-11-23 22:24:44.494567-05			22	2024-11-23 22:24:44.49458-05	
277	Gonda Binewag gewiinwaa	and these Partridges too	gohn-dah bih-neh-wahg geh-ween-wah		2024-11-23 22:24:44.4964-05			22	2024-11-23 22:24:44.496415-05	
278	Manoomin miinwaa	Rice too	mah-noh-min meen-wah		2024-11-23 22:24:44.498607-05			22	2024-11-23 22:24:44.49862-05	
279	Zhigaagwanzhiik N’mnopwaag	I like the taste of Onions	zhih-gah-gwahn-zheek n-mnoh-pwahg		2024-11-23 22:24:44.500315-05			22	2024-11-23 22:24:44.500328-05	
280	G’bishigenimaag na gegii?	Do you like them too?	g-bih-shih-geh-nee-mahg nah geh-gee		2024-11-23 22:24:44.501929-05			22	2024-11-23 22:24:44.501939-05	
281	Enh. Mnopogziwag	Yes. They taste good	en. m-noh-pohg-zee-wahg		2024-11-23 22:24:44.503413-05			22	2024-11-23 22:24:44.503424-05	
282	N’bishigendaan nboop	I like soup	n-bih-shih-gehn-dahn n-bohp		2024-11-23 22:24:44.504852-05			22	2024-11-23 22:24:44.504862-05	
283	Genii gwa	Me too!	geh-nee gwah		2024-11-23 22:24:44.506948-05			22	2024-11-23 22:24:44.506972-05	
284	Aaniin ________ !	Hey ________!	ah-neen ________		2024-11-23 22:24:54.505642-05			23	2024-11-23 22:24:54.505657-05	
285	Aaniin ________ ! Aaniish ezhiwebak?	Hey ________! What’s happening?	ah-neen ________ ah-neesh eh-zhee-weh-bahk		2024-11-23 22:24:54.508229-05			23	2024-11-23 22:24:54.508245-05	
286	N’wii zhaa odi Endzhi-waabnda’ding, Waabang.	I want to go over to the Fair tomorrow.	n-wee zah oh-deh en-jee wahb-nah-ding wah-bahng		2024-11-23 22:24:54.510009-05			23	2024-11-23 22:24:54.510022-05	
287	Gaawiin kii zhaasii na Jiinaagwa?	Didn’t you go yesterday?	gah-ween kee zah-see nah jee-nah-gwah		2024-11-23 22:24:54.512029-05			23	2024-11-23 22:24:54.512044-05	
288	Kaa. Gii gimiwon gbe-giizhik Jiinaagwa.	No. It rained all day yesterday.	kah gee gih-mih-won gbeh-gee-zheek jee-nah-gwah		2024-11-23 22:24:54.513909-05			23	2024-11-23 22:24:54.513923-05	
289	Gwii-wiijiiwin.	I want to go with you.	g-wih wee-jee-win		2024-11-23 22:24:54.515953-05			23	2024-11-23 22:24:54.515969-05	
290	Aahaaw dash! G’wii Minendaagozimi!	Alright then! We will have fun!	ah-how dash g-wih mih-nen-dah-go-zee-mee		2024-11-23 22:24:54.518367-05			23	2024-11-23 22:24:54.518391-05	
291	Wenesh waa waabndaaman?	What will you see?	weh-nesh wah wahb-nah-mahn		2024-11-23 22:24:54.521099-05			23	2024-11-23 22:24:54.521113-05	
292	Bezhigoogzhiik N’wii waabmaag!	I want to see the Horses.	beh-zhih-goog-zheek n-wee wahb-mahg		2024-11-23 22:24:54.522708-05			23	2024-11-23 22:24:54.522724-05	
293	Gchi-Gookoosh na ge’ii gwa.	The Big Pig too?	g-chee goo-kohsh nah geh-ee gwah		2024-11-23 22:24:54.524709-05			23	2024-11-23 22:24:54.524723-05	
294	Say! Gaawiin N’wii waabmaasiin wa gete-Gookoosh!	Yuck! I don’t want to see that old Pig!	say gah-ween n-wee wahb-mah-seen wah geh-teh goo-kohsh		2024-11-23 22:24:54.526504-05			23	2024-11-23 22:24:54.526517-05	
295	Enh. Maazhimaagozi.	Yeah. He smells bad.	en mah-zhee-mah-go-zee		2024-11-23 22:24:54.528022-05			23	2024-11-23 22:24:54.528033-05	
296	Naagish, N’daa shamaawson.	I could feed him a Hotdog.	nah-gish n-dah shah-maw-sohn		2024-11-23 22:24:54.529467-05			23	2024-11-23 22:24:54.529478-05	
297	Aashiij-maajii. Kiiwinaadis.	Good grief. You are crazy.	ah-shee-mah-jee kee-wee-nah-dis		2024-11-23 22:24:54.53094-05			23	2024-11-23 22:24:54.530952-05	
298	Wegnesh gaawaamdaman?	What did you see?	weh-nesh gah-wahm-dah-mahn		2024-11-23 22:25:10.29637-05			24	2024-11-23 22:25:10.296382-05	
299	Wegnesh ewaamdaman?	What do you see?	weh-nesh eh-wahm-dah-mahn		2024-11-23 22:25:10.298252-05			24	2024-11-23 22:25:10.298265-05	
300	Wegnesh gaanoondaman?	What did you hear?	weh-nesh gah-noon-dah-mahn		2024-11-23 22:25:10.299883-05			24	2024-11-23 22:25:10.299895-05	
301	Wegnesh enoondaman?	What do you hear?	weh-nesh eh-noon-dah-mahn		2024-11-23 22:25:10.301661-05			24	2024-11-23 22:25:10.301674-05	
302	Endzhi-waabnda’ding	At the Fair, public exhibition	en-jee wahb-nah-dah-ding		2024-11-23 22:25:10.303465-05			24	2024-11-23 22:25:10.303478-05	
303	Ookaan’gamigoong	In the (animal) Barn	oh-kahn-gah-mih-gohng		2024-11-23 22:25:10.305258-05			24	2024-11-23 22:25:10.305272-05	
304	Zag’iganing	At the Lake	zahg-ih-gah-ning		2024-11-23 22:25:10.307025-05			24	2024-11-23 22:25:10.307039-05	
305	Wiikwedong	At the Bay	week-weh-dohng		2024-11-23 22:25:10.309028-05			24	2024-11-23 22:25:10.309049-05	
306	Ziibiing	At the River	zee-bee-ing		2024-11-23 22:25:10.310963-05			24	2024-11-23 22:25:10.310978-05	
307	Oodenaang	In the City	oh-deh-nahng		2024-11-23 22:25:10.3125-05			24	2024-11-23 22:25:10.312512-05	
308	N’gii waamdaan.	I saw it. (inanimate)	n-gee wahm-dahn		2024-11-23 22:25:10.314079-05			24	2024-11-23 22:25:10.314102-05	
309	N’gii waabmaa.	I saw him/her/it. (animate)	n-gee wahb-mah		2024-11-23 22:25:10.315999-05			24	2024-11-23 22:25:10.316016-05	
310	N’gii noondaan.	I heard it. (inanimate)	n-gee noon-dahn		2024-11-23 22:25:10.317847-05			24	2024-11-23 22:25:10.317862-05	
311	N’gii noondwaa.	I heard him/her/them. (animate)	n-gee noon-dwah		2024-11-23 22:25:10.319659-05			24	2024-11-23 22:25:10.31967-05	
312	Niibiish(an), n’gii waamdaan(an).	The leave(s), I saw (them).	nee-beesh(ahn) n-gee wahm-dahn(ahn)		2024-11-23 22:25:10.325602-05			24	2024-11-23 22:25:10.325611-05	
313	Magkiik, N’gii waabmaag zag'iganing.	I saw frogs in the lake.	muhg-keek n-gee wahb-mahg zahg-ih-gah-ning		2024-11-23 22:25:10.328465-05			24	2024-11-23 22:25:10.328475-05	
314	Niibiishan N’waamdaanan ziibiing.	I see leaves in the river.	nee-beesh-ahn n-wahm-dah-nahn zee-bee-ing		2024-11-23 22:25:10.330286-05			24	2024-11-23 22:25:10.330293-05	
315	Niniwag N’noondwaag.	I hear the men.	nih-nih-wahg n-noon-dwahg		2024-11-23 22:25:10.332236-05			24	2024-11-23 22:25:10.332247-05	
316	N’niin	I myself	n-neen		2024-11-23 22:25:10.334401-05			24	2024-11-23 22:25:10.334412-05	
317	G’giin	You	g-geen		2024-11-23 22:25:10.33653-05			24	2024-11-23 22:25:10.336541-05	
318	Wiin	He/She/It	ween		2024-11-23 22:25:10.338639-05			24	2024-11-23 22:25:10.338653-05	
319	Asemaa	Tobacco	ah-seh-mah		2024-11-23 22:25:19.605619-05			25	2024-11-23 22:25:19.605635-05	
320	Manoomin	Rice	mah-noh-min		2024-11-23 22:25:19.60784-05			25	2024-11-23 22:25:19.607855-05	
321	Zaaga’igan	Lake	zah-gah-ee-gahn		2024-11-23 22:25:19.609529-05			25	2024-11-23 22:25:19.609541-05	
322	Ziibi	River	zee-bee		2024-11-23 22:25:19.611191-05			25	2024-11-23 22:25:19.611201-05	
323	Jiimaan	Canoe (boat)	jee-mahn		2024-11-23 22:25:19.613221-05			25	2024-11-23 22:25:19.61323-05	
324	Abwi	Paddle	ah-bwee		2024-11-23 22:25:19.614886-05			25	2024-11-23 22:25:19.614894-05	
325	Bimishkaa	Paddles along in a canoe	bih-mish-kah		2024-11-23 22:25:19.616591-05			25	2024-11-23 22:25:19.616599-05	
326	Gaandakii’ige	Push a canoe with a pole	gahn-dah-kee-ee-geh		2024-11-23 22:25:19.618047-05			25	2024-11-23 22:25:19.618055-05	
327	Gaandakii’igan	Push pole	gahn-dah-kee-ee-gahn		2024-11-23 22:25:19.619818-05			25	2024-11-23 22:25:19.619827-05	
328	Bawa’am	Knock Rice	bah-wah-uhm		2024-11-23 22:25:19.621744-05			25	2024-11-23 22:25:19.621753-05	
329	Bawa’iganaak(oon)	Rice knocker(s)	bah-wah-ee-gah-nahk(oon)		2024-11-23 22:25:19.623939-05			25	2024-11-23 22:25:19.623946-05	
330	Gaapizige	Roast (parch)	gah-pee-zih-geh		2024-11-23 22:25:19.625539-05			25	2024-11-23 22:25:19.625546-05	
331	Gaapizigan	Parched Rice	gah-pee-zih-gahn		2024-11-23 22:25:19.627312-05			25	2024-11-23 22:25:19.62732-05	
332	Kik	Kettle	keek		2024-11-23 22:25:19.62914-05			25	2024-11-23 22:25:19.629148-05	
333	Ishkode	Fire	ish-koh-deh		2024-11-23 22:25:19.630471-05			25	2024-11-23 22:25:19.630477-05	
334	Mimigoshkam	Thresh	mih-mih-gohsh-kahm		2024-11-23 22:25:19.63182-05			25	2024-11-23 22:25:19.631827-05	
335	Nanda Mkizinan biiskanan	Put on these Moccasins.	nahn-dah muh-kee-zih-nahn bees-kah-nahn		2024-11-23 22:25:19.633466-05			25	2024-11-23 22:25:19.633472-05	
336	Nooshkaachige	S/He Winnows	nohsh-kah-chee-geh		2024-11-23 22:25:19.634908-05			25	2024-11-23 22:25:19.634914-05	
337	Nooshkaachigaade	It is winnowed (by someone).	nohsh-kah-chee-gah-deh		2024-11-23 22:25:19.636561-05			25	2024-11-23 22:25:19.636568-05	
338	Nooshkaachigan	Winnowed Rice	nohsh-kah-chee-gahn		2024-11-23 22:25:19.638394-05			25	2024-11-23 22:25:19.6384-05	
339	Jiibaakwe	Cook	jee-bah-kweh		2024-11-23 22:25:19.639901-05			25	2024-11-23 22:25:19.639907-05	
340	Wiisni	Eat	wee-snih		2024-11-23 22:25:19.641262-05			25	2024-11-23 22:25:19.641268-05	
341	Biinichige	Clean things	bee-nih-chee-geh		2024-11-23 22:25:19.642774-05			25	2024-11-23 22:25:19.64278-05	
342	Boozhoo	Hello	boozh-hoo		2024-11-23 22:26:46.842227-05			26	2024-11-23 22:26:46.842244-05	
343	Aaniin!	Hey! Hi!	ah-neen		2024-11-23 22:26:46.844647-05			26	2024-11-23 22:26:46.844662-05	
344	_________ ndi-zhinikaaz.	My name is ________.	_____ n-dee zhih-nih-kahz		2024-11-23 22:26:46.846767-05			26	2024-11-23 22:26:46.846782-05	
345	Giin dash, Aaniish e-zhinikaaz-yin?	And you, what is your name?	geen dash ah-neesh eh-zhih-nih-kahz-yin		2024-11-23 22:26:46.849053-05			26	2024-11-23 22:26:46.849066-05	
346	Aaniish ezhi-bimaadziyin?	How is your life?	ah-neesh eh-zhee bih-mahd-zih-yin		2024-11-23 22:26:46.850678-05			26	2024-11-23 22:26:46.850689-05	
347	nMino bimaadis.	I am fine.	n-mee-noh bih-mah-dees		2024-11-23 22:26:46.852694-05			26	2024-11-23 22:26:46.852708-05	
348	Aabiish enji-baayin?	Where are you from?	ah-beesh en-jee bah-yeen		2024-11-23 22:26:46.854594-05			26	2024-11-23 22:26:46.854608-05	
349	________ ndoo-njibaa.	I am from _________.	_____ n-doo n-jee-bah		2024-11-23 22:26:46.856431-05			26	2024-11-23 22:26:46.856444-05	
350	Aabiish endaayin?	Where do you live?	ah-beesh en-dah-yeen		2024-11-23 22:26:46.858263-05			26	2024-11-23 22:26:46.858277-05	
351	________ ndi daa.	I live in _________.	_____ n-dee dah		2024-11-23 22:26:46.860057-05			26	2024-11-23 22:26:46.860071-05	
352	Aabiish enji-nakiiyin?	Where do you work?	ah-beesh en-jee nah-kee-yeen		2024-11-23 22:26:46.861992-05			26	2024-11-23 22:26:46.862009-05	
353	________ ndoonjinakii.	I work at _________.	_____ n-doon-jih-nah-kee		2024-11-23 22:26:46.864437-05			26	2024-11-23 22:26:46.864461-05	
354	nGichi-nendam gii nkweshkwanaa.	I am very happy to have met you.	n-gee-chee nen-dahm gee n-kweh-shkweh-nah		2024-11-23 22:26:46.866437-05			26	2024-11-23 22:26:46.86645-05	
355	nGichi-nendam genii gii nkweshkwanaa.	I am also very happy to have met you.	n-gee-chee nen-dahm geh-nee gee n-kweh-shkweh-nah		2024-11-23 22:26:46.868132-05			26	2024-11-23 22:26:46.868145-05	
356	Gga waabmin miinwaa!	I’ll see you again!	gah wahb-min meen-wah		2024-11-23 22:26:46.869766-05			26	2024-11-23 22:26:46.869778-05	
357	Baa maa pii.	See you later.	bah mah pee		2024-11-23 22:26:46.871503-05			26	2024-11-23 22:26:46.871515-05	
358	Megwaa	Now	meh-gwah		2024-11-23 22:27:10.381917-05			27	2024-11-23 22:27:10.381935-05	
359	Gzhemnidoo	Creator	gzheh-mih-nee-doh		2024-11-23 22:27:10.384162-05			27	2024-11-23 22:27:10.384173-05	
360	Nga ke ginoonaa	I will take time out to talk	ngah keh gih-noh-nah		2024-11-23 22:27:10.38572-05			27	2024-11-23 22:27:10.385732-05	
361	Gchi-Miigwech	Great thanks	gchee-mee-gwehtch		2024-11-23 22:27:10.387379-05			27	2024-11-23 22:27:10.38739-05	
362	Kina gegoo	All things	kih-nah geh-goo		2024-11-23 22:27:10.389229-05			27	2024-11-23 22:27:10.389242-05	
363	Gii miizhiyaang	That you have given us	gee mee-zhee-yahng		2024-11-23 22:27:10.391107-05			27	2024-11-23 22:27:10.39112-05	
364	Miinwaa	And, also	mee-nwah		2024-11-23 22:27:10.392986-05			27	2024-11-23 22:27:10.393001-05	
365	Ngoding	Once more	ngoh-ding		2024-11-23 22:27:10.395012-05			27	2024-11-23 22:27:10.395027-05	
366	Gii giizhigak	On this day	gee gee-zhee-gahk		2024-11-23 22:27:10.397364-05			27	2024-11-23 22:27:10.397382-05	
367	Giizis	Sun	gee-zis		2024-11-23 22:27:10.399331-05			27	2024-11-23 22:27:10.399346-05	
368	Gii binaabid	Looked down upon us	gee bih-nah-bid		2024-11-23 22:27:10.401116-05			27	2024-11-23 22:27:10.401127-05	
369	Wi sa bimaadziwin	Our way of life	wee sah bih-mahd-zih-win		2024-11-23 22:27:10.402541-05			27	2024-11-23 22:27:10.402552-05	
370	Wiidookwishnaang	That he helps us	wee-doh-kwee-shnahng		2024-11-23 22:27:10.404214-05			27	2024-11-23 22:27:10.404227-05	
371	Ji namaayaang	Through our prayers	jee nah-mah-yahng		2024-11-23 22:27:10.40609-05			27	2024-11-23 22:27:10.406103-05	
372	Gwe’ek	So that	gweh-ehk		2024-11-23 22:27:10.408169-05			27	2024-11-23 22:27:10.408186-05	
373	Ji bimaaseyaang	We may walk a straight path	jee bih-mah-seh-yahng		2024-11-23 22:27:10.410082-05			27	2024-11-23 22:27:10.410096-05	
374	Miigwech	Thank you	mee-gwehtch		2024-11-23 22:27:10.412273-05			27	2024-11-23 22:27:10.412296-05	
375	The 4 directions	Thank you to the 4 directions	mee-gwehtch		2024-11-23 22:27:10.414309-05			27	2024-11-23 22:27:10.414326-05	
376	Bezhik	One	beh-zheek		2024-11-23 22:27:21.45079-05			28	2024-11-23 22:27:21.450806-05	
377	Niizh	Two	neezh		2024-11-23 22:27:21.453528-05			28	2024-11-23 22:27:21.453547-05	
378	Nswi	Three	n-swee		2024-11-23 22:27:21.455429-05			28	2024-11-23 22:27:21.455445-05	
379	Niiwin	Four	nee-win		2024-11-23 22:27:21.457184-05			28	2024-11-23 22:27:21.457195-05	
380	Naanan	Five	nah-nahn		2024-11-23 22:27:21.458976-05			28	2024-11-23 22:27:21.45899-05	
381	Ngodwaaswi	Six	ngohd-wah-swee		2024-11-23 22:27:21.46166-05			28	2024-11-23 22:27:21.461678-05	
382	Niizhwaaswi	Seven	neezh-wah-swee		2024-11-23 22:27:21.464092-05			28	2024-11-23 22:27:21.464112-05	
383	Nshwaaswi	Eight	nshwah-swee		2024-11-23 22:27:21.466298-05			28	2024-11-23 22:27:21.466313-05	
384	Zhaangswi	Nine	zhahng-swee		2024-11-23 22:27:21.468685-05			28	2024-11-23 22:27:21.468705-05	
385	Mdaaswi	Ten	mdah-swee		2024-11-23 22:27:21.470746-05			28	2024-11-23 22:27:21.470762-05	
386	Niishtana	Twenty	neesht-ah-nah		2024-11-23 22:27:21.472467-05			28	2024-11-23 22:27:21.47248-05	
387	Nsimdana	Thirty	n-sim-dah-nah		2024-11-23 22:27:21.474139-05			28	2024-11-23 22:27:21.474153-05	
388	Niimdana	Forty	nee-im-dah-nah		2024-11-23 22:27:21.475789-05			28	2024-11-23 22:27:21.475802-05	
389	Naanmidna	Fifty	nahn-mid-nah		2024-11-23 22:27:21.477435-05			28	2024-11-23 22:27:21.477447-05	
390	Ngodwaasmidna	Sixty	ngohd-wah-smid-nah		2024-11-23 22:27:21.479398-05			28	2024-11-23 22:27:21.479411-05	
391	Niizhwaasmidna	Seventy	neezh-wah-smid-nah		2024-11-23 22:27:21.480971-05			28	2024-11-23 22:27:21.480982-05	
392	Nshwaasmidna	Eighty	nshwah-smid-nah		2024-11-23 22:27:21.482436-05			28	2024-11-23 22:27:21.482449-05	
393	Zhaangsimdana	Ninety	zhahng-sim-dah-nah		2024-11-23 22:27:21.484085-05			28	2024-11-23 22:27:21.484095-05	
394	Ngodwaak	One Hundred	ngohd-wahk		2024-11-23 22:27:21.486022-05			28	2024-11-23 22:27:21.48603-05	
395	Mdaaswaak	One Thousand	mdah-swahk		2024-11-23 22:27:21.488104-05			28	2024-11-23 22:27:21.488115-05	
397	N'di-zhinikoz	My name is ( * )	n-dee zhih-nih-kohz		2024-11-23 22:27:32.476904-05			29	2024-11-23 22:27:32.476922-05	
398	N'doo-njibaa	I am from ( * )	n-doo n-jih-bah		2024-11-23 22:27:32.480213-05			29	2024-11-23 22:27:32.480227-05	
399	N'di-daa	( * ) is my home.	n-dee dah		2024-11-23 22:27:32.481848-05			29	2024-11-23 22:27:32.481861-05	
400	N'doodem	( * ) is my Clan.	n-doo-dehm		2024-11-23 22:27:32.483708-05			29	2024-11-23 22:27:32.483725-05	
403	Aaniish naa gegii?	And how are you?	ah-neesh nah geh-gee		2024-11-23 22:27:32.490192-05			29	2024-11-23 22:27:32.49021-05	
402	Aaniish ezhi-yaayin?	How are you?	ah-neesh eh-zhee yah-yeen		2024-11-23 22:27:32.487854-05			29	2024-11-23 22:27:32.492432-05	
405	Nishen!	Good!	nih-shen		2024-11-23 22:27:32.496203-05			29	2024-11-23 22:27:32.496214-05	
406	Gchi-Nishen!	Very good	g-chee nih-shen		2024-11-23 22:27:32.497681-05			29	2024-11-23 22:27:32.497695-05	
408	N'mno bimaadis	I am doing well.	n-mnoh bih-mah-dees		2024-11-23 22:27:32.501142-05			29	2024-11-23 22:27:32.501153-05	
409	Aaniish ezhiwebak gojiing?	How is the weather?	ah-neesh eh-zhee-weh-bahk goh-jeeng		2024-11-23 22:27:32.502852-05			29	2024-11-23 22:27:32.502863-05	
410	Mno-gizhigad	Nice day	mnoh gih-zhee-gahd		2024-11-23 22:27:32.504583-05			29	2024-11-23 22:27:32.504596-05	
411	Gizhaate	Sunny/hot day	gih-zah-teh		2024-11-23 22:27:32.50637-05			29	2024-11-23 22:27:32.506391-05	
412	Ngwaankwod	Cloudy	ngwahn-kwohd		2024-11-23 22:27:32.50847-05			29	2024-11-23 22:27:32.508483-05	
413	Gimiwan	It is raining	gih-mih-wahn		2024-11-23 22:27:32.51006-05			29	2024-11-23 22:27:32.510072-05	
414	Wan	Foggy	wahn		2024-11-23 22:27:32.511571-05			29	2024-11-23 22:27:32.511587-05	
415	Wiisgaate	Very hot day/heatwave	wee-sgah-teh		2024-11-23 22:27:32.513084-05			29	2024-11-23 22:27:32.513094-05	
416	Aabwaa	It is mild	ah-bwah		2024-11-23 22:27:32.514545-05			29	2024-11-23 22:27:32.514559-05	
417	Tkeyaa	Cool	tkeh-yah		2024-11-23 22:27:32.516203-05			29	2024-11-23 22:27:32.516216-05	
418	Ksinaa	Cold	k-sih-nah		2024-11-23 22:27:32.517755-05			29	2024-11-23 22:27:32.517768-05	
419	Zoogpo	It is snowing	zohg-poh		2024-11-23 22:27:32.519318-05			29	2024-11-23 22:27:32.51933-05	
420	Giibiingwepo	Blizzard	gee-beeng-weh-poh		2024-11-23 22:27:32.520812-05			29	2024-11-23 22:27:32.520824-05	
421	Gchi-Noodin	Very windy	g-chee noh-din		2024-11-23 22:27:32.522217-05			29	2024-11-23 22:27:32.522224-05	
422	Nchiiwak	Stormy	n-chee-wahk		2024-11-23 22:27:32.523233-05			29	2024-11-23 22:27:32.523239-05	
423	Nimkiikaa	It is thundering	nihm-kee-kah		2024-11-23 22:27:32.524255-05			29	2024-11-23 22:27:32.52426-05	
424	Waasmowin	Lightning	wahs-moh-win		2024-11-23 22:27:32.52507-05			29	2024-11-23 22:27:32.525074-05	
425	Animosh	Dog	ah-nih-mohsh		2024-11-23 22:27:49.272273-05			30	2024-11-23 22:27:49.27229-05	
426	Bebezhigooganzhii	Bison	beh-beh-zhee-goo-gahn-zhee		2024-11-23 22:27:49.274505-05			30	2024-11-23 22:27:49.274519-05	
427	Mashkodebizhiki	Elk	mash-koh-deh-bih-zhee-kee		2024-11-23 22:27:49.276803-05			30	2024-11-23 22:27:49.276817-05	
428	Omashkooz	Moose	oh-mash-kooz		2024-11-23 22:27:49.278611-05			30	2024-11-23 22:27:49.278625-05	
429	Ma'iingan	Wolf	mah-eeng-ahn		2024-11-23 22:27:49.280398-05			30	2024-11-23 22:27:49.280413-05	
430	Makwa	Bear	mah-kwah		2024-11-23 22:27:49.282846-05			30	2024-11-23 22:27:49.282866-05	
431	Bizhiw	Lynx	bih-zhee-oo		2024-11-23 22:27:49.284563-05			30	2024-11-23 22:27:49.284575-05	
432	Waagosh	Fox	wah-gohsh		2024-11-23 22:27:49.286337-05			30	2024-11-23 22:27:49.286352-05	
433	Esiban	Raccoon	eh-sih-bahn		2024-11-23 22:27:49.288188-05			30	2024-11-23 22:27:49.288205-05	
434	Gaag	Porcupine	gahg		2024-11-23 22:27:49.28999-05			30	2024-11-23 22:27:49.290004-05	
435	Waabooz	Rabbit	wah-bohz		2024-11-23 22:27:49.291736-05			30	2024-11-23 22:27:49.291749-05	
436	Ajidamoo	Red Squirrel	ah-zhee-dah-moo		2024-11-23 22:27:49.293495-05			30	2024-11-23 22:27:49.293509-05	
437	Bineshiinh	Bird	bih-neh-sheenh		2024-11-23 22:27:49.295258-05			30	2024-11-23 22:27:49.295272-05	
438	Migizi	Bald Eagle	mih-gih-zee		2024-11-23 22:27:49.296933-05			30	2024-11-23 22:27:49.296946-05	
439	Nika	Goose	nih-kah		2024-11-23 22:27:49.298913-05			30	2024-11-23 22:27:49.29893-05	
440	Gookooko'oo	Owl	goo-koh-koh-oh		2024-11-23 22:27:49.300426-05			30	2024-11-23 22:27:49.300438-05	
441	Ginebig	Snake	gih-neh-bihg		2024-11-23 22:27:49.302071-05			30	2024-11-23 22:27:49.302081-05	
442	Giigoonh	Fish	gee-goonh		2024-11-23 22:27:49.304614-05			30	2024-11-23 22:27:49.304626-05	
443	Miskwaadesi	Turtle	mih-skwah-deh-see		2024-11-23 22:27:49.306734-05			30	2024-11-23 22:27:49.306745-05	
444	Aamoo	Bee	ah-moh		2024-11-23 22:27:49.308476-05			30	2024-11-23 22:27:49.308483-05	
445	Nipikwan	My lung	nih-pih-kwahn		2024-11-23 22:28:23.628025-05			31	2024-11-23 22:28:23.62804-05	
446	Nimisad	My stomach	nih-mih-sahd		2024-11-23 22:28:23.63016-05			31	2024-11-23 22:28:23.630175-05	
447	Nininjiins	My finger	nih-nih-njeens		2024-11-23 22:28:23.632354-05			31	2024-11-23 22:28:23.632369-05	
448	Inzid	My foot	in-zid		2024-11-23 22:28:23.633987-05			31	2024-11-23 22:28:23.634-05	
449	Niiyaw	My body	nee-yahw		2024-11-23 22:28:23.635467-05			31	2024-11-23 22:28:23.635478-05	
450	Nishtigwaan	My head	nish-tih-gwahn		2024-11-23 22:28:23.637122-05			31	2024-11-23 22:28:23.637139-05	
451	Ninik	My arm	nih-nik		2024-11-23 22:28:23.63923-05			31	2024-11-23 22:28:23.639242-05	
452	Nininj	My hand	nih-ninj		2024-11-23 22:28:23.641743-05			31	2024-11-23 22:28:23.641753-05	
453	Nikaad	My leg	nih-kahd		2024-11-23 22:28:23.643591-05			31	2024-11-23 22:28:23.643603-05	
454	Niinizisan	My toes	nee-nih-zih-sahn		2024-11-23 22:28:23.645676-05			31	2024-11-23 22:28:23.645686-05	
455	Ninow	My tongue	nih-noh		2024-11-23 22:28:23.647813-05			31	2024-11-23 22:28:23.647823-05	
456	Injaanzh	My chin	in-jahnzh		2024-11-23 22:28:23.65005-05			31	2024-11-23 22:28:23.650061-05	
457	Indaamikan	My cheek	in-dah-mih-kahn		2024-11-23 22:28:23.652125-05			31	2024-11-23 22:28:23.652136-05	
458	Indengway	My face	in-den-gweh		2024-11-23 22:28:23.654061-05			31	2024-11-23 22:28:23.654071-05	
459	Nishkiinzhig	My eyes	nish-keen-zhig		2024-11-23 22:28:23.656032-05			31	2024-11-23 22:28:23.656042-05	
460	Nitawag	My ears	nih-tah-wahg		2024-11-23 22:28:23.657864-05			31	2024-11-23 22:28:23.657871-05	
461	Indoon	My mouth	in-doon		2024-11-23 22:28:23.658946-05			31	2024-11-23 22:28:23.658953-05	
462	Dewe’ige	Drum	deh-weh-ee-geh		2024-11-23 22:34:41.17506-05			32	2024-11-23 22:34:41.175067-05	
463	Nagam	Sing	nah-gahm		2024-11-23 22:34:41.17757-05			32	2024-11-23 22:34:41.177576-05	
464	Bibigw	Drink	bih-big-wahg		2024-11-23 22:34:41.179358-05			32	2024-11-23 22:34:41.179365-05	
466	Nendam	Feel hungry	nen-dahm		2024-11-23 22:34:41.183549-05			32	2024-11-23 22:34:41.183555-05	
467	Niim	Dance	neem		2024-11-23 22:34:41.184631-05			32	2024-11-23 22:34:41.184636-05	
468	Bmipto	Run	bmip-toh		2024-11-23 22:34:41.1859-05			32	2024-11-23 22:34:41.185905-05	
\.


--
-- TOC entry 3796 (class 0 OID 16935)
-- Dependencies: 230
-- Data for Name: cards_deck; Type: TABLE DATA; Schema: public; Owner: kristinejohnson
--

COPY public.cards_deck (id, name, description, date_created, is_public, updated_at) FROM stdin;
20	Niibin - Summertime Vocabulary	Vocabulary related to summertime activities and observations in Anishinaabemowin.	2024-11-23 22:23:11.078543-05	t	2024-11-23 22:23:11.078565-05
21	Telling Time Vocabulary	Vocabulary and phrases related to telling time in Anishinaabemowin.	2024-11-23 22:23:53.201398-05	t	2024-11-23 22:23:53.201422-05
22	Dagwaagin - Autumn Vocabulary	Vocabulary related to autumn activities and observations in Anishinaabemowin.	2024-11-23 22:24:44.476546-05	t	2024-11-23 22:24:44.476575-05
23	Going to the Fair Talk	Vocabulary related to conversations about going to the fair in Anishinaabemowin.	2024-11-23 22:24:54.501876-05	t	2024-11-23 22:24:54.501905-05
24	What Did You See or Hear?	Vocabulary and phrases for describing what you saw or heard in Anishinaabemowin.	2024-11-23 22:25:10.293992-05	t	2024-11-23 22:25:10.294017-05
25	Asemaa and Manoomin Vocabulary	Vocabulary related to tobacco, rice, and traditional activities in Anishinaabemowin.	2024-11-23 22:25:19.602764-05	t	2024-11-23 22:25:19.602791-05
26	Shki-Nkweshkodaading - Getting Acquainted	Vocabulary and phrases for getting acquainted in Anishinaabemowin.	2024-11-23 22:26:46.839058-05	t	2024-11-23 22:26:46.839085-05
27	Prayer and Gratitude Vocabulary	Vocabulary related to prayers and giving thanks in Anishinaabemowin.	2024-11-23 22:27:10.378748-05	t	2024-11-23 22:27:10.378774-05
28	Numbers Vocabulary	Vocabulary for numbers in Anishinaabemowin, including ones, teens, tens, hundreds, and thousands.	2024-11-23 22:27:21.447778-05	t	2024-11-23 22:27:21.447804-05
29	Basic Greetings and Weather Vocabulary	Vocabulary for greetings, self-introductions, and weather conditions in Anishinaabemowin.	2024-11-23 22:27:32.458953-05	t	2024-11-23 22:27:32.458978-05
30	Animals Vocabulary	Vocabulary related to animals in Anishinaabemowin.	2024-11-23 22:27:49.268669-05	t	2024-11-23 22:27:49.268699-05
31	Body Parts	Body parts and anatomy.	2024-11-23 22:28:23.624224-05	t	2024-11-23 22:28:23.624247-05
32	Anishinaabemowin Verbs	List of verbs extracted from the 'Making Simple Sentences (Plural)' vocabulary. For use in conjunction with the conjugation decks.	2024-11-23 22:34:41.171568-05	t	2024-11-23 22:34:41.171581-05
\.


--
-- TOC entry 3800 (class 0 OID 16957)
-- Dependencies: 234
-- Data for Name: cards_profile; Type: TABLE DATA; Schema: public; Owner: kristinejohnson
--

COPY public.cards_profile (id, preferred_name, created_at, updated_at, user_id) FROM stdin;
4	Kristine	2024-11-26 13:29:07.913622-05	2024-11-26 13:29:07.92312-05	4
5	Apollo	2024-11-26 22:48:41.064901-05	2024-11-26 22:48:41.074783-05	5
6	Athena	2024-11-27 13:22:37.489498-05	2024-11-27 13:22:37.498884-05	6
3	Kristine	2024-11-26 13:28:06.41557-05	2024-12-02 20:01:04.144372-05	3
\.


--
-- TOC entry 3802 (class 0 OID 16967)
-- Dependencies: 236
-- Data for Name: cards_profile_chosen_decks; Type: TABLE DATA; Schema: public; Owner: kristinejohnson
--

COPY public.cards_profile_chosen_decks (id, profile_id, deck_id) FROM stdin;
28	3	27
29	3	24
30	3	30
31	3	32
32	3	31
\.


--
-- TOC entry 3798 (class 0 OID 16951)
-- Dependencies: 232
-- Data for Name: cards_usercardprogress; Type: TABLE DATA; Schema: public; Owner: kristinejohnson
--

COPY public.cards_usercardprogress (id, box_level, last_reviewed, next_review_date, card_mastered, card_id, user_id, review_log) FROM stdin;
354	1	2024-11-27 00:21:12.16839-05	2024-11-27 00:21:12.168364-05	f	375	3	[]
355	1	2024-11-27 00:51:08.076957-05	2024-11-27 00:51:08.076797-05	f	298	3	[]
356	1	2024-11-27 00:51:08.07703-05	2024-11-27 00:51:08.076991-05	f	299	3	[]
357	1	2024-11-27 00:51:08.077072-05	2024-11-27 00:51:08.077043-05	f	300	3	[]
358	1	2024-11-27 00:51:08.077111-05	2024-11-27 00:51:08.077083-05	f	301	3	[]
359	1	2024-11-27 00:51:08.077156-05	2024-11-27 00:51:08.077122-05	f	302	3	[]
360	1	2024-11-27 00:51:08.077195-05	2024-11-27 00:51:08.077168-05	f	303	3	[]
361	1	2024-11-27 00:51:08.077232-05	2024-11-27 00:51:08.077206-05	f	304	3	[]
362	1	2024-11-27 00:51:08.077271-05	2024-11-27 00:51:08.077244-05	f	305	3	[]
363	1	2024-11-27 00:51:08.07731-05	2024-11-27 00:51:08.077282-05	f	306	3	[]
364	1	2024-11-27 00:51:08.077347-05	2024-11-27 00:51:08.077321-05	f	307	3	[]
365	1	2024-11-27 00:51:08.077385-05	2024-11-27 00:51:08.077358-05	f	308	3	[]
366	1	2024-11-27 00:51:08.077423-05	2024-11-27 00:51:08.077396-05	f	309	3	[]
367	1	2024-11-27 00:51:08.077461-05	2024-11-27 00:51:08.077434-05	f	310	3	[]
368	1	2024-11-27 00:51:08.077498-05	2024-11-27 00:51:08.077471-05	f	311	3	[]
369	1	2024-11-27 00:51:08.077535-05	2024-11-27 00:51:08.077509-05	f	312	3	[]
370	1	2024-11-27 00:51:08.077572-05	2024-11-27 00:51:08.077546-05	f	313	3	[]
371	1	2024-11-27 00:51:08.07761-05	2024-11-27 00:51:08.077583-05	f	314	3	[]
372	1	2024-11-27 00:51:08.077648-05	2024-11-27 00:51:08.07762-05	f	315	3	[]
373	1	2024-11-27 00:51:08.077685-05	2024-11-27 00:51:08.077659-05	f	316	3	[]
374	1	2024-11-27 00:51:08.077721-05	2024-11-27 00:51:08.077695-05	f	317	3	[]
375	1	2024-11-27 00:51:08.077759-05	2024-11-27 00:51:08.077733-05	f	318	3	[]
376	1	2024-11-27 01:02:32.01892-05	2024-11-27 01:02:32.018803-05	f	425	3	[]
377	1	2024-11-27 01:02:32.018989-05	2024-11-27 01:02:32.018952-05	f	426	3	[]
378	1	2024-11-27 01:02:32.019042-05	2024-11-27 01:02:32.019008-05	f	427	3	[]
379	1	2024-11-27 01:02:32.01908-05	2024-11-27 01:02:32.019054-05	f	428	3	[]
380	1	2024-11-27 01:02:32.019125-05	2024-11-27 01:02:32.019091-05	f	429	3	[]
381	1	2024-11-27 01:02:32.019163-05	2024-11-27 01:02:32.019137-05	f	430	3	[]
382	1	2024-11-27 01:02:32.0192-05	2024-11-27 01:02:32.019174-05	f	431	3	[]
383	1	2024-11-27 01:02:32.019237-05	2024-11-27 01:02:32.019211-05	f	432	3	[]
384	1	2024-11-27 01:02:32.019274-05	2024-11-27 01:02:32.019248-05	f	433	3	[]
385	1	2024-11-27 01:02:32.019311-05	2024-11-27 01:02:32.019285-05	f	434	3	[]
386	1	2024-11-27 01:02:32.019347-05	2024-11-27 01:02:32.019321-05	f	435	3	[]
387	1	2024-11-27 01:02:32.019384-05	2024-11-27 01:02:32.019358-05	f	436	3	[]
388	1	2024-11-27 01:02:32.01942-05	2024-11-27 01:02:32.019395-05	f	437	3	[]
389	1	2024-11-27 01:02:32.019458-05	2024-11-27 01:02:32.019432-05	f	438	3	[]
390	1	2024-11-27 01:02:32.019494-05	2024-11-27 01:02:32.019469-05	f	439	3	[]
198	1	2024-11-26 13:34:20.182949-05	2024-11-26 13:34:20.178323-05	f	445	4	[]
199	1	2024-11-26 13:34:20.183034-05	2024-11-26 13:34:20.178323-05	f	446	4	[]
200	1	2024-11-26 13:34:20.183075-05	2024-11-26 13:34:20.178323-05	f	447	4	[]
201	1	2024-11-26 13:34:20.183118-05	2024-11-26 13:34:20.178323-05	f	448	4	[]
202	1	2024-11-26 13:34:20.183158-05	2024-11-26 13:34:20.178323-05	f	449	4	[]
203	1	2024-11-26 13:34:20.183197-05	2024-11-26 13:34:20.178323-05	f	450	4	[]
204	1	2024-11-26 13:34:20.183243-05	2024-11-26 13:34:20.178323-05	f	451	4	[]
205	1	2024-11-26 13:34:20.183291-05	2024-11-26 13:34:20.178323-05	f	452	4	[]
206	1	2024-11-26 13:34:20.183331-05	2024-11-26 13:34:20.178323-05	f	453	4	[]
207	1	2024-11-26 13:34:20.183375-05	2024-11-26 13:34:20.178323-05	f	454	4	[]
208	1	2024-11-26 13:34:20.183418-05	2024-11-26 13:34:20.178323-05	f	455	4	[]
209	1	2024-11-26 13:34:20.183457-05	2024-11-26 13:34:20.178323-05	f	456	4	[]
210	1	2024-11-26 13:34:20.1835-05	2024-11-26 13:34:20.178323-05	f	457	4	[]
211	1	2024-11-26 13:34:20.183545-05	2024-11-26 13:34:20.178323-05	f	458	4	[]
212	1	2024-11-26 13:34:20.18359-05	2024-11-26 13:34:20.178323-05	f	459	4	[]
213	1	2024-11-26 13:34:20.183636-05	2024-11-26 13:34:20.178323-05	f	460	4	[]
214	1	2024-11-26 13:34:20.183683-05	2024-11-26 13:34:20.178323-05	f	461	4	[]
391	1	2024-11-27 01:02:32.019538-05	2024-11-27 01:02:32.019505-05	f	440	3	[]
392	1	2024-11-27 01:02:32.019575-05	2024-11-27 01:02:32.019549-05	f	441	3	[]
393	1	2024-11-27 01:02:32.019612-05	2024-11-27 01:02:32.019586-05	f	442	3	[]
394	1	2024-11-27 01:02:32.019649-05	2024-11-27 01:02:32.019624-05	f	443	3	[]
395	1	2024-11-27 01:02:32.019687-05	2024-11-27 01:02:32.019661-05	f	444	3	[]
396	1	2024-11-27 01:02:33.897205-05	2024-11-27 01:02:33.897107-05	f	462	3	[]
397	1	2024-11-27 01:02:33.897256-05	2024-11-27 01:02:33.897227-05	f	463	3	[]
398	1	2024-11-27 01:02:33.897294-05	2024-11-27 01:02:33.897267-05	f	464	3	[]
399	1	2024-11-27 01:02:33.897331-05	2024-11-27 01:02:33.897305-05	f	466	3	[]
400	1	2024-11-27 01:02:33.897368-05	2024-11-27 01:02:33.897342-05	f	467	3	[]
401	1	2024-11-27 01:02:33.897407-05	2024-11-27 01:02:33.897379-05	f	468	3	[]
402	1	2024-11-27 01:02:34.749202-05	2024-11-27 01:02:34.749092-05	f	445	3	[]
403	1	2024-11-27 01:02:34.749261-05	2024-11-27 01:02:34.749229-05	f	446	3	[]
404	1	2024-11-27 01:02:34.749301-05	2024-11-27 01:02:34.749273-05	f	447	3	[]
405	1	2024-11-27 01:02:34.749341-05	2024-11-27 01:02:34.749312-05	f	448	3	[]
406	1	2024-11-27 01:02:34.749381-05	2024-11-27 01:02:34.749352-05	f	449	3	[]
407	1	2024-11-27 01:02:34.749432-05	2024-11-27 01:02:34.749394-05	f	450	3	[]
408	1	2024-11-27 01:02:34.749474-05	2024-11-27 01:02:34.749446-05	f	451	3	[]
409	1	2024-11-27 01:02:34.749513-05	2024-11-27 01:02:34.749485-05	f	452	3	[]
410	1	2024-11-27 01:02:34.749555-05	2024-11-27 01:02:34.749526-05	f	453	3	[]
411	1	2024-11-27 01:02:34.749598-05	2024-11-27 01:02:34.749568-05	f	454	3	[]
412	1	2024-11-27 01:02:34.749639-05	2024-11-27 01:02:34.749611-05	f	455	3	[]
413	1	2024-11-27 01:02:34.749681-05	2024-11-27 01:02:34.749652-05	f	456	3	[]
414	1	2024-11-27 01:02:34.749721-05	2024-11-27 01:02:34.749693-05	f	457	3	[]
415	1	2024-11-27 01:02:34.749761-05	2024-11-27 01:02:34.749733-05	f	458	3	[]
416	1	2024-11-27 01:02:34.749801-05	2024-11-27 01:02:34.749773-05	f	459	3	[]
343	1	2024-11-27 13:16:47.395245-05	2024-11-28 13:16:47.395245-05	f	364	3	[{"date": "2024-11-27T12:16:47.395245", "card_id": 364, "box_level": 1, "progression": "no"}]
345	1	2024-12-02 20:03:04.23935-05	2024-12-03 20:03:04.23935-05	f	366	3	[{"date": "2024-12-02T19:03:04.239350", "card_id": 366, "box_level": 1, "progression": "no"}]
348	1	2024-12-02 20:03:35.801397-05	2024-12-03 20:03:35.801397-05	f	369	3	[{"date": "2024-12-02T19:03:35.801397", "card_id": 369, "box_level": 1, "progression": "no"}]
350	1	2024-12-02 20:04:18.537333-05	2024-12-03 20:04:18.537333-05	f	371	3	[{"date": "2024-12-02T19:04:18.537333", "card_id": 371, "box_level": 1, "progression": "no"}]
353	2	2024-12-02 20:04:37.046586-05	2024-12-03 20:04:37.046586-05	f	374	3	[{"date": "2024-12-02T19:04:37.046586", "card_id": 374, "box_level": 1, "progression": "yes"}]
417	1	2024-11-27 01:02:34.749841-05	2024-11-27 01:02:34.749813-05	f	460	3	[]
418	1	2024-11-27 01:02:34.749882-05	2024-11-27 01:02:34.749854-05	f	461	3	[]
338	1	2024-11-27 01:13:01.325036-05	2024-11-28 01:13:01.325036-05	f	359	3	[{"date": "2024-11-27T00:13:01.325036", "card_id": 359, "box_level": 1, "progression": "no"}]
339	2	2024-11-27 01:13:03.493471-05	2024-11-28 01:13:03.493471-05	f	360	3	[{"date": "2024-11-27T00:13:03.493471", "card_id": 360, "box_level": 1, "progression": "yes"}]
340	1	2024-11-27 01:13:05.275607-05	2024-11-28 01:13:05.275607-05	f	361	3	[{"date": "2024-11-27T00:13:05.275607", "card_id": 361, "box_level": 1, "progression": "no"}]
337	1	2024-11-27 01:13:32.859922-05	2024-11-28 01:13:32.859922-05	f	358	3	[{"date": "2024-11-27T00:12:57.172991", "card_id": 358, "box_level": 1, "progression": "no"}, {"date": "2024-11-27T00:13:32.859922", "card_id": 358, "box_level": 1, "progression": "no"}]
341	1	2024-11-27 13:13:57.037638-05	2024-11-28 13:13:57.037638-05	f	362	3	[{"date": "2024-11-27T12:13:57.037638", "card_id": 362, "box_level": 1, "progression": "no"}]
342	1	2024-11-27 13:14:01.861336-05	2024-11-28 13:14:01.861336-05	f	363	3	[{"date": "2024-11-27T12:14:01.861336", "card_id": 363, "box_level": 1, "progression": "no"}]
344	1	2024-12-02 20:02:57.924264-05	2024-12-03 20:02:57.924264-05	f	365	3	[{"date": "2024-12-02T19:02:57.924264", "card_id": 365, "box_level": 1, "progression": "no"}]
346	1	2024-12-02 20:03:07.955398-05	2024-12-03 20:03:07.955398-05	f	367	3	[{"date": "2024-12-02T19:03:07.955398", "card_id": 367, "box_level": 1, "progression": "no"}]
347	1	2024-12-02 20:03:15.029448-05	2024-12-03 20:03:15.029448-05	f	368	3	[{"date": "2024-12-02T19:03:15.029448", "card_id": 368, "box_level": 1, "progression": "no"}]
349	1	2024-12-02 20:03:59.51171-05	2024-12-03 20:03:59.51171-05	f	370	3	[{"date": "2024-12-02T19:03:59.511710", "card_id": 370, "box_level": 1, "progression": "no"}]
351	1	2024-12-02 20:04:24.184964-05	2024-12-03 20:04:24.184964-05	f	372	3	[{"date": "2024-12-02T19:04:24.184964", "card_id": 372, "box_level": 1, "progression": "no"}]
352	1	2024-12-02 20:04:33.663329-05	2024-12-03 20:04:33.663329-05	f	373	3	[{"date": "2024-12-02T19:04:33.663329", "card_id": 373, "box_level": 1, "progression": "no"}]
\.


--
-- TOC entry 3805 (class 0 OID 17127)
-- Dependencies: 239
-- Data for Name: cards_userdeck; Type: TABLE DATA; Schema: public; Owner: kristinejohnson
--

COPY public.cards_userdeck (id, profile_id) FROM stdin;
2	3
3	4
4	5
5	6
\.


--
-- TOC entry 3807 (class 0 OID 17135)
-- Dependencies: 241
-- Data for Name: cards_userdeck_cards; Type: TABLE DATA; Schema: public; Owner: kristinejohnson
--

COPY public.cards_userdeck_cards (id, userdeck_id, card_id) FROM stdin;
212	2	298
213	2	299
214	2	300
215	2	301
216	2	302
217	2	303
218	2	304
219	2	305
220	2	306
221	2	307
222	2	308
223	2	309
224	2	310
225	2	311
226	2	312
227	2	313
228	2	314
229	2	315
230	2	316
231	2	317
232	2	318
233	2	425
234	2	426
235	2	427
236	2	428
237	2	429
238	2	430
239	2	431
240	2	432
241	2	433
242	2	434
243	2	435
244	2	436
245	2	437
246	2	438
247	2	439
248	2	440
249	2	441
250	2	442
251	2	443
252	2	444
253	2	462
254	2	463
255	2	464
256	2	466
257	2	467
258	2	468
259	2	448
260	2	449
261	2	450
262	2	451
263	2	452
264	2	453
265	2	454
55	3	448
56	3	449
57	3	450
58	3	451
59	3	452
60	3	453
61	3	454
62	3	455
63	3	456
64	3	457
65	3	458
66	3	459
67	3	460
68	3	461
69	3	445
70	3	446
71	3	447
266	2	455
267	2	456
268	2	457
269	2	458
270	2	459
271	2	460
272	2	461
273	2	445
274	2	446
275	2	447
194	2	358
195	2	359
196	2	360
197	2	361
198	2	362
199	2	363
200	2	364
201	2	365
202	2	366
203	2	367
204	2	368
205	2	369
206	2	370
207	2	371
208	2	372
209	2	373
210	2	374
211	2	375
\.


--
-- TOC entry 3792 (class 0 OID 16898)
-- Dependencies: 226
-- Data for Name: django_admin_log; Type: TABLE DATA; Schema: public; Owner: kristinejohnson
--

COPY public.django_admin_log (id, action_time, object_id, object_repr, action_flag, change_message, content_type_id, user_id) FROM stdin;
55	2024-11-26 13:28:34.429505-05	2	kristinejohnson	3		4	3
\.


--
-- TOC entry 3778 (class 0 OID 16798)
-- Dependencies: 212
-- Data for Name: django_content_type; Type: TABLE DATA; Schema: public; Owner: kristinejohnson
--

COPY public.django_content_type (id, app_label, model) FROM stdin;
1	admin	logentry
2	auth	permission
3	auth	group
4	auth	user
5	contenttypes	contenttype
6	sessions	session
7	cards	card
8	cards	deck
9	cards	usercardprogress
10	cards	profile
11	cards	userdeck
\.


--
-- TOC entry 3776 (class 0 OID 16790)
-- Dependencies: 210
-- Data for Name: django_migrations; Type: TABLE DATA; Schema: public; Owner: kristinejohnson
--

COPY public.django_migrations (id, app, name, applied) FROM stdin;
1	contenttypes	0001_initial	2024-11-22 01:58:19.881754-05
2	auth	0001_initial	2024-11-22 01:58:19.91588-05
3	admin	0001_initial	2024-11-22 01:58:19.92429-05
4	admin	0002_logentry_remove_auto_add	2024-11-22 01:58:19.92717-05
5	admin	0003_logentry_add_action_flag_choices	2024-11-22 01:58:19.930568-05
6	contenttypes	0002_remove_content_type_name	2024-11-22 01:58:19.936669-05
7	auth	0002_alter_permission_name_max_length	2024-11-22 01:58:19.940249-05
8	auth	0003_alter_user_email_max_length	2024-11-22 01:58:19.945224-05
9	auth	0004_alter_user_username_opts	2024-11-22 01:58:19.948534-05
10	auth	0005_alter_user_last_login_null	2024-11-22 01:58:19.951853-05
11	auth	0006_require_contenttypes_0002	2024-11-22 01:58:19.953044-05
12	auth	0007_alter_validators_add_error_messages	2024-11-22 01:58:19.956246-05
13	auth	0008_alter_user_username_max_length	2024-11-22 01:58:19.962411-05
14	auth	0009_alter_user_last_name_max_length	2024-11-22 01:58:19.966612-05
15	auth	0010_alter_group_name_max_length	2024-11-22 01:58:19.971135-05
16	auth	0011_update_proxy_permissions	2024-11-22 01:58:19.97473-05
17	auth	0012_alter_user_first_name_max_length	2024-11-22 01:58:19.980135-05
18	cards	0001_initial	2024-11-22 01:58:20.072272-05
19	cards	0002_alter_deckshare_unique_together_and_more	2024-11-22 01:58:20.232935-05
20	sessions	0001_initial	2024-11-22 01:58:20.240505-05
21	cards	0003_remove_deck_cards	2024-11-22 15:11:29.89131-05
22	cards	0004_alter_card_deck	2024-11-22 15:21:21.622306-05
23	cards	0005_remove_deck_owner	2024-11-23 21:45:41.151577-05
24	cards	0006_alter_deck_name	2024-11-24 04:19:14.633792-05
25	cards	0007_remove_usercardprogress_card_due_for_review	2024-11-25 20:49:23.779602-05
26	cards	0008_userdeck	2024-11-26 02:35:44.101329-05
27	cards	0009_remove_profile_study_streak	2024-11-26 02:59:23.123646-05
28	cards	0010_remove_userdeck_user_userdeck_profile	2024-11-26 03:07:41.089704-05
29	cards	0011_usercardprogress_review_log	2024-11-27 01:12:52.13406-05
\.


--
-- TOC entry 3803 (class 0 OID 17116)
-- Dependencies: 237
-- Data for Name: django_session; Type: TABLE DATA; Schema: public; Owner: kristinejohnson
--

COPY public.django_session (session_key, session_data, expire_date) FROM stdin;
ibr30mo22cjus7l43rypf38g5x4p3lu2	.eJxVjEEOwiAQRe_C2pAyLdRx6b5nIMMMSNVAUtqV8e7apAvd_vfefylP25r91uLiZ1EX5dTpdwvEj1h2IHcqt6q5lnWZg94VfdCmpyrxeT3cv4NMLX9rw4ZtGDAyjkmAHQsRW0mAfIaOnOujUOoFAcH21IkZDAWyRhB5BPX-ABNPOLo:1tGMgP:BkW8hMu8shw8ZGtRmygoFB2NJCAGA8kwPx4iD405PgA	2024-12-11 13:22:37.499545-05
jvb6ledljh333hcsmgbnljqzj0sajxux	.eJxVjEEOwiAQRe_C2pCOg6W4dO8ZyDAMUjWQlHZlvLtt0oXd_vfe_yhPy5z90mTyY1RXBer0vwXil5QNxCeVR9VcyzyNQW-K3mnT9xrlfdvdw0GmltcaDaYUUPoBGQihs44oOSELwJI4cGQRJwYvK3fDORi0UQwId0ho1PcHCLo44Q:1tEZRR:H916A9fT1RjaQM4rHoZLfdSOGppeuXxqcyVkHLZo6j8	2024-12-06 14:35:45.437167-05
vgk0a86c2dijed2rm7i5jan7goadmaed	.eJxVjMsOwiAURP-FtSGXxy3g0r3fQC4PpWogKe3K-O_SpAvdzcyZmTfztK3Fbz0vfk7szBQ7_WaB4jPXHaQH1XvjsdV1mQPfK_ygnV9byq_L0f07KNTLWAsFNpIO2sgASBKttQQZ0UwSogCBt-GjyEgZUDnrhDbgaKgpWBHZ5wuzNTZ1:1tIHHk:WKXnJ7gqCm3v_RtUdGTM07-iZYMbuKCLmAjhpRTXAQM	2024-12-16 20:01:04.145575-05
\.


--
-- TOC entry 3813 (class 0 OID 0)
-- Dependencies: 215
-- Name: auth_group_id_seq; Type: SEQUENCE SET; Schema: public; Owner: kristinejohnson
--

SELECT pg_catalog.setval('public.auth_group_id_seq', 1, false);


--
-- TOC entry 3814 (class 0 OID 0)
-- Dependencies: 217
-- Name: auth_group_permissions_id_seq; Type: SEQUENCE SET; Schema: public; Owner: kristinejohnson
--

SELECT pg_catalog.setval('public.auth_group_permissions_id_seq', 1, false);


--
-- TOC entry 3815 (class 0 OID 0)
-- Dependencies: 213
-- Name: auth_permission_id_seq; Type: SEQUENCE SET; Schema: public; Owner: kristinejohnson
--

SELECT pg_catalog.setval('public.auth_permission_id_seq', 44, true);


--
-- TOC entry 3816 (class 0 OID 0)
-- Dependencies: 221
-- Name: auth_user_groups_id_seq; Type: SEQUENCE SET; Schema: public; Owner: kristinejohnson
--

SELECT pg_catalog.setval('public.auth_user_groups_id_seq', 1, false);


--
-- TOC entry 3817 (class 0 OID 0)
-- Dependencies: 219
-- Name: auth_user_id_seq; Type: SEQUENCE SET; Schema: public; Owner: kristinejohnson
--

SELECT pg_catalog.setval('public.auth_user_id_seq', 6, true);


--
-- TOC entry 3818 (class 0 OID 0)
-- Dependencies: 223
-- Name: auth_user_user_permissions_id_seq; Type: SEQUENCE SET; Schema: public; Owner: kristinejohnson
--

SELECT pg_catalog.setval('public.auth_user_user_permissions_id_seq', 1, false);


--
-- TOC entry 3819 (class 0 OID 0)
-- Dependencies: 227
-- Name: cards_card_id_seq; Type: SEQUENCE SET; Schema: public; Owner: kristinejohnson
--

SELECT pg_catalog.setval('public.cards_card_id_seq', 468, true);


--
-- TOC entry 3820 (class 0 OID 0)
-- Dependencies: 229
-- Name: cards_deck_id_seq; Type: SEQUENCE SET; Schema: public; Owner: kristinejohnson
--

SELECT pg_catalog.setval('public.cards_deck_id_seq', 32, true);


--
-- TOC entry 3821 (class 0 OID 0)
-- Dependencies: 235
-- Name: cards_profile_chosen_decks_id_seq; Type: SEQUENCE SET; Schema: public; Owner: kristinejohnson
--

SELECT pg_catalog.setval('public.cards_profile_chosen_decks_id_seq', 32, true);


--
-- TOC entry 3822 (class 0 OID 0)
-- Dependencies: 233
-- Name: cards_profile_id_seq; Type: SEQUENCE SET; Schema: public; Owner: kristinejohnson
--

SELECT pg_catalog.setval('public.cards_profile_id_seq', 6, true);


--
-- TOC entry 3823 (class 0 OID 0)
-- Dependencies: 231
-- Name: cards_usercardprogress_id_seq; Type: SEQUENCE SET; Schema: public; Owner: kristinejohnson
--

SELECT pg_catalog.setval('public.cards_usercardprogress_id_seq', 418, true);


--
-- TOC entry 3824 (class 0 OID 0)
-- Dependencies: 240
-- Name: cards_userdeck_cards_id_seq; Type: SEQUENCE SET; Schema: public; Owner: kristinejohnson
--

SELECT pg_catalog.setval('public.cards_userdeck_cards_id_seq', 275, true);


--
-- TOC entry 3825 (class 0 OID 0)
-- Dependencies: 238
-- Name: cards_userdeck_id_seq; Type: SEQUENCE SET; Schema: public; Owner: kristinejohnson
--

SELECT pg_catalog.setval('public.cards_userdeck_id_seq', 5, true);


--
-- TOC entry 3826 (class 0 OID 0)
-- Dependencies: 225
-- Name: django_admin_log_id_seq; Type: SEQUENCE SET; Schema: public; Owner: kristinejohnson
--

SELECT pg_catalog.setval('public.django_admin_log_id_seq', 55, true);


--
-- TOC entry 3827 (class 0 OID 0)
-- Dependencies: 211
-- Name: django_content_type_id_seq; Type: SEQUENCE SET; Schema: public; Owner: kristinejohnson
--

SELECT pg_catalog.setval('public.django_content_type_id_seq', 11, true);


--
-- TOC entry 3828 (class 0 OID 0)
-- Dependencies: 209
-- Name: django_migrations_id_seq; Type: SEQUENCE SET; Schema: public; Owner: kristinejohnson
--

SELECT pg_catalog.setval('public.django_migrations_id_seq', 29, true);


--
-- TOC entry 3545 (class 2606 OID 16924)
-- Name: auth_group auth_group_name_key; Type: CONSTRAINT; Schema: public; Owner: kristinejohnson
--

ALTER TABLE ONLY public.auth_group
    ADD CONSTRAINT auth_group_name_key UNIQUE (name);


--
-- TOC entry 3550 (class 2606 OID 16855)
-- Name: auth_group_permissions auth_group_permissions_group_id_permission_id_0cd325b0_uniq; Type: CONSTRAINT; Schema: public; Owner: kristinejohnson
--

ALTER TABLE ONLY public.auth_group_permissions
    ADD CONSTRAINT auth_group_permissions_group_id_permission_id_0cd325b0_uniq UNIQUE (group_id, permission_id);


--
-- TOC entry 3553 (class 2606 OID 16824)
-- Name: auth_group_permissions auth_group_permissions_pkey; Type: CONSTRAINT; Schema: public; Owner: kristinejohnson
--

ALTER TABLE ONLY public.auth_group_permissions
    ADD CONSTRAINT auth_group_permissions_pkey PRIMARY KEY (id);


--
-- TOC entry 3547 (class 2606 OID 16816)
-- Name: auth_group auth_group_pkey; Type: CONSTRAINT; Schema: public; Owner: kristinejohnson
--

ALTER TABLE ONLY public.auth_group
    ADD CONSTRAINT auth_group_pkey PRIMARY KEY (id);


--
-- TOC entry 3540 (class 2606 OID 16846)
-- Name: auth_permission auth_permission_content_type_id_codename_01ab375a_uniq; Type: CONSTRAINT; Schema: public; Owner: kristinejohnson
--

ALTER TABLE ONLY public.auth_permission
    ADD CONSTRAINT auth_permission_content_type_id_codename_01ab375a_uniq UNIQUE (content_type_id, codename);


--
-- TOC entry 3542 (class 2606 OID 16810)
-- Name: auth_permission auth_permission_pkey; Type: CONSTRAINT; Schema: public; Owner: kristinejohnson
--

ALTER TABLE ONLY public.auth_permission
    ADD CONSTRAINT auth_permission_pkey PRIMARY KEY (id);


--
-- TOC entry 3561 (class 2606 OID 16838)
-- Name: auth_user_groups auth_user_groups_pkey; Type: CONSTRAINT; Schema: public; Owner: kristinejohnson
--

ALTER TABLE ONLY public.auth_user_groups
    ADD CONSTRAINT auth_user_groups_pkey PRIMARY KEY (id);


--
-- TOC entry 3564 (class 2606 OID 16870)
-- Name: auth_user_groups auth_user_groups_user_id_group_id_94350c0c_uniq; Type: CONSTRAINT; Schema: public; Owner: kristinejohnson
--

ALTER TABLE ONLY public.auth_user_groups
    ADD CONSTRAINT auth_user_groups_user_id_group_id_94350c0c_uniq UNIQUE (user_id, group_id);


--
-- TOC entry 3555 (class 2606 OID 16830)
-- Name: auth_user auth_user_pkey; Type: CONSTRAINT; Schema: public; Owner: kristinejohnson
--

ALTER TABLE ONLY public.auth_user
    ADD CONSTRAINT auth_user_pkey PRIMARY KEY (id);


--
-- TOC entry 3567 (class 2606 OID 16844)
-- Name: auth_user_user_permissions auth_user_user_permissions_pkey; Type: CONSTRAINT; Schema: public; Owner: kristinejohnson
--

ALTER TABLE ONLY public.auth_user_user_permissions
    ADD CONSTRAINT auth_user_user_permissions_pkey PRIMARY KEY (id);


--
-- TOC entry 3570 (class 2606 OID 16884)
-- Name: auth_user_user_permissions auth_user_user_permissions_user_id_permission_id_14a6b632_uniq; Type: CONSTRAINT; Schema: public; Owner: kristinejohnson
--

ALTER TABLE ONLY public.auth_user_user_permissions
    ADD CONSTRAINT auth_user_user_permissions_user_id_permission_id_14a6b632_uniq UNIQUE (user_id, permission_id);


--
-- TOC entry 3558 (class 2606 OID 16919)
-- Name: auth_user auth_user_username_key; Type: CONSTRAINT; Schema: public; Owner: kristinejohnson
--

ALTER TABLE ONLY public.auth_user
    ADD CONSTRAINT auth_user_username_key UNIQUE (username);


--
-- TOC entry 3577 (class 2606 OID 17093)
-- Name: cards_card cards_card_anishinaabemowin_3f96e6bc_uniq; Type: CONSTRAINT; Schema: public; Owner: kristinejohnson
--

ALTER TABLE ONLY public.cards_card
    ADD CONSTRAINT cards_card_anishinaabemowin_3f96e6bc_uniq UNIQUE (anishinaabemowin);


--
-- TOC entry 3581 (class 2606 OID 17096)
-- Name: cards_card cards_card_english_3fec2f74_uniq; Type: CONSTRAINT; Schema: public; Owner: kristinejohnson
--

ALTER TABLE ONLY public.cards_card
    ADD CONSTRAINT cards_card_english_3fec2f74_uniq UNIQUE (english);


--
-- TOC entry 3583 (class 2606 OID 16933)
-- Name: cards_card cards_card_pkey; Type: CONSTRAINT; Schema: public; Owner: kristinejohnson
--

ALTER TABLE ONLY public.cards_card
    ADD CONSTRAINT cards_card_pkey PRIMARY KEY (id);


--
-- TOC entry 3585 (class 2606 OID 16941)
-- Name: cards_deck cards_deck_pkey; Type: CONSTRAINT; Schema: public; Owner: kristinejohnson
--

ALTER TABLE ONLY public.cards_deck
    ADD CONSTRAINT cards_deck_pkey PRIMARY KEY (id);


--
-- TOC entry 3600 (class 2606 OID 16971)
-- Name: cards_profile_chosen_decks cards_profile_chosen_decks_pkey; Type: CONSTRAINT; Schema: public; Owner: kristinejohnson
--

ALTER TABLE ONLY public.cards_profile_chosen_decks
    ADD CONSTRAINT cards_profile_chosen_decks_pkey PRIMARY KEY (id);


--
-- TOC entry 3603 (class 2606 OID 17020)
-- Name: cards_profile_chosen_decks cards_profile_chosen_decks_profile_id_deck_id_291dd4e5_uniq; Type: CONSTRAINT; Schema: public; Owner: kristinejohnson
--

ALTER TABLE ONLY public.cards_profile_chosen_decks
    ADD CONSTRAINT cards_profile_chosen_decks_profile_id_deck_id_291dd4e5_uniq UNIQUE (profile_id, deck_id);


--
-- TOC entry 3595 (class 2606 OID 16963)
-- Name: cards_profile cards_profile_pkey; Type: CONSTRAINT; Schema: public; Owner: kristinejohnson
--

ALTER TABLE ONLY public.cards_profile
    ADD CONSTRAINT cards_profile_pkey PRIMARY KEY (id);


--
-- TOC entry 3597 (class 2606 OID 16965)
-- Name: cards_profile cards_profile_user_id_key; Type: CONSTRAINT; Schema: public; Owner: kristinejohnson
--

ALTER TABLE ONLY public.cards_profile
    ADD CONSTRAINT cards_profile_user_id_key UNIQUE (user_id);


--
-- TOC entry 3590 (class 2606 OID 16955)
-- Name: cards_usercardprogress cards_usercardprogress_pkey; Type: CONSTRAINT; Schema: public; Owner: kristinejohnson
--

ALTER TABLE ONLY public.cards_usercardprogress
    ADD CONSTRAINT cards_usercardprogress_pkey PRIMARY KEY (id);


--
-- TOC entry 3592 (class 2606 OID 17099)
-- Name: cards_usercardprogress cards_usercardprogress_user_id_card_id_1cb884c1_uniq; Type: CONSTRAINT; Schema: public; Owner: kristinejohnson
--

ALTER TABLE ONLY public.cards_usercardprogress
    ADD CONSTRAINT cards_usercardprogress_user_id_card_id_1cb884c1_uniq UNIQUE (user_id, card_id);


--
-- TOC entry 3614 (class 2606 OID 17139)
-- Name: cards_userdeck_cards cards_userdeck_cards_pkey; Type: CONSTRAINT; Schema: public; Owner: kristinejohnson
--

ALTER TABLE ONLY public.cards_userdeck_cards
    ADD CONSTRAINT cards_userdeck_cards_pkey PRIMARY KEY (id);


--
-- TOC entry 3617 (class 2606 OID 17146)
-- Name: cards_userdeck_cards cards_userdeck_cards_userdeck_id_card_id_8c172ef2_uniq; Type: CONSTRAINT; Schema: public; Owner: kristinejohnson
--

ALTER TABLE ONLY public.cards_userdeck_cards
    ADD CONSTRAINT cards_userdeck_cards_userdeck_id_card_id_8c172ef2_uniq UNIQUE (userdeck_id, card_id);


--
-- TOC entry 3609 (class 2606 OID 17131)
-- Name: cards_userdeck cards_userdeck_pkey; Type: CONSTRAINT; Schema: public; Owner: kristinejohnson
--

ALTER TABLE ONLY public.cards_userdeck
    ADD CONSTRAINT cards_userdeck_pkey PRIMARY KEY (id);


--
-- TOC entry 3611 (class 2606 OID 17161)
-- Name: cards_userdeck cards_userdeck_profile_id_key; Type: CONSTRAINT; Schema: public; Owner: kristinejohnson
--

ALTER TABLE ONLY public.cards_userdeck
    ADD CONSTRAINT cards_userdeck_profile_id_key UNIQUE (profile_id);


--
-- TOC entry 3573 (class 2606 OID 16905)
-- Name: django_admin_log django_admin_log_pkey; Type: CONSTRAINT; Schema: public; Owner: kristinejohnson
--

ALTER TABLE ONLY public.django_admin_log
    ADD CONSTRAINT django_admin_log_pkey PRIMARY KEY (id);


--
-- TOC entry 3535 (class 2606 OID 16804)
-- Name: django_content_type django_content_type_app_label_model_76bd3d3b_uniq; Type: CONSTRAINT; Schema: public; Owner: kristinejohnson
--

ALTER TABLE ONLY public.django_content_type
    ADD CONSTRAINT django_content_type_app_label_model_76bd3d3b_uniq UNIQUE (app_label, model);


--
-- TOC entry 3537 (class 2606 OID 16802)
-- Name: django_content_type django_content_type_pkey; Type: CONSTRAINT; Schema: public; Owner: kristinejohnson
--

ALTER TABLE ONLY public.django_content_type
    ADD CONSTRAINT django_content_type_pkey PRIMARY KEY (id);


--
-- TOC entry 3533 (class 2606 OID 16796)
-- Name: django_migrations django_migrations_pkey; Type: CONSTRAINT; Schema: public; Owner: kristinejohnson
--

ALTER TABLE ONLY public.django_migrations
    ADD CONSTRAINT django_migrations_pkey PRIMARY KEY (id);


--
-- TOC entry 3606 (class 2606 OID 17122)
-- Name: django_session django_session_pkey; Type: CONSTRAINT; Schema: public; Owner: kristinejohnson
--

ALTER TABLE ONLY public.django_session
    ADD CONSTRAINT django_session_pkey PRIMARY KEY (session_key);


--
-- TOC entry 3543 (class 1259 OID 16925)
-- Name: auth_group_name_a6ea08ec_like; Type: INDEX; Schema: public; Owner: kristinejohnson
--

CREATE INDEX auth_group_name_a6ea08ec_like ON public.auth_group USING btree (name varchar_pattern_ops);


--
-- TOC entry 3548 (class 1259 OID 16866)
-- Name: auth_group_permissions_group_id_b120cbf9; Type: INDEX; Schema: public; Owner: kristinejohnson
--

CREATE INDEX auth_group_permissions_group_id_b120cbf9 ON public.auth_group_permissions USING btree (group_id);


--
-- TOC entry 3551 (class 1259 OID 16867)
-- Name: auth_group_permissions_permission_id_84c5c92e; Type: INDEX; Schema: public; Owner: kristinejohnson
--

CREATE INDEX auth_group_permissions_permission_id_84c5c92e ON public.auth_group_permissions USING btree (permission_id);


--
-- TOC entry 3538 (class 1259 OID 16852)
-- Name: auth_permission_content_type_id_2f476e4b; Type: INDEX; Schema: public; Owner: kristinejohnson
--

CREATE INDEX auth_permission_content_type_id_2f476e4b ON public.auth_permission USING btree (content_type_id);


--
-- TOC entry 3559 (class 1259 OID 16882)
-- Name: auth_user_groups_group_id_97559544; Type: INDEX; Schema: public; Owner: kristinejohnson
--

CREATE INDEX auth_user_groups_group_id_97559544 ON public.auth_user_groups USING btree (group_id);


--
-- TOC entry 3562 (class 1259 OID 16881)
-- Name: auth_user_groups_user_id_6a12ed8b; Type: INDEX; Schema: public; Owner: kristinejohnson
--

CREATE INDEX auth_user_groups_user_id_6a12ed8b ON public.auth_user_groups USING btree (user_id);


--
-- TOC entry 3565 (class 1259 OID 16896)
-- Name: auth_user_user_permissions_permission_id_1fbb5f2c; Type: INDEX; Schema: public; Owner: kristinejohnson
--

CREATE INDEX auth_user_user_permissions_permission_id_1fbb5f2c ON public.auth_user_user_permissions USING btree (permission_id);


--
-- TOC entry 3568 (class 1259 OID 16895)
-- Name: auth_user_user_permissions_user_id_a95ead1b; Type: INDEX; Schema: public; Owner: kristinejohnson
--

CREATE INDEX auth_user_user_permissions_user_id_a95ead1b ON public.auth_user_user_permissions USING btree (user_id);


--
-- TOC entry 3556 (class 1259 OID 16920)
-- Name: auth_user_username_6821ab7c_like; Type: INDEX; Schema: public; Owner: kristinejohnson
--

CREATE INDEX auth_user_username_6821ab7c_like ON public.auth_user USING btree (username varchar_pattern_ops);


--
-- TOC entry 3575 (class 1259 OID 17094)
-- Name: cards_card_anishinaabemowin_3f96e6bc_like; Type: INDEX; Schema: public; Owner: kristinejohnson
--

CREATE INDEX cards_card_anishinaabemowin_3f96e6bc_like ON public.cards_card USING btree (anishinaabemowin varchar_pattern_ops);


--
-- TOC entry 3578 (class 1259 OID 17047)
-- Name: cards_card_deck_id_679b88fe; Type: INDEX; Schema: public; Owner: kristinejohnson
--

CREATE INDEX cards_card_deck_id_679b88fe ON public.cards_card USING btree (deck_id);


--
-- TOC entry 3579 (class 1259 OID 17097)
-- Name: cards_card_english_3fec2f74_like; Type: INDEX; Schema: public; Owner: kristinejohnson
--

CREATE INDEX cards_card_english_3fec2f74_like ON public.cards_card USING btree (english varchar_pattern_ops);


--
-- TOC entry 3598 (class 1259 OID 17032)
-- Name: cards_profile_chosen_decks_deck_id_09f49c20; Type: INDEX; Schema: public; Owner: kristinejohnson
--

CREATE INDEX cards_profile_chosen_decks_deck_id_09f49c20 ON public.cards_profile_chosen_decks USING btree (deck_id);


--
-- TOC entry 3601 (class 1259 OID 17031)
-- Name: cards_profile_chosen_decks_profile_id_7c8c1814; Type: INDEX; Schema: public; Owner: kristinejohnson
--

CREATE INDEX cards_profile_chosen_decks_profile_id_7c8c1814 ON public.cards_profile_chosen_decks USING btree (profile_id);


--
-- TOC entry 3586 (class 1259 OID 17101)
-- Name: cards_userc_user_id_72c33c_idx; Type: INDEX; Schema: public; Owner: kristinejohnson
--

CREATE INDEX cards_userc_user_id_72c33c_idx ON public.cards_usercardprogress USING btree (user_id, box_level);


--
-- TOC entry 3587 (class 1259 OID 17100)
-- Name: cards_userc_user_id_f6f4db_idx; Type: INDEX; Schema: public; Owner: kristinejohnson
--

CREATE INDEX cards_userc_user_id_f6f4db_idx ON public.cards_usercardprogress USING btree (user_id, next_review_date);


--
-- TOC entry 3588 (class 1259 OID 17012)
-- Name: cards_usercardprogress_card_id_13d226d7; Type: INDEX; Schema: public; Owner: kristinejohnson
--

CREATE INDEX cards_usercardprogress_card_id_13d226d7 ON public.cards_usercardprogress USING btree (card_id);


--
-- TOC entry 3593 (class 1259 OID 17013)
-- Name: cards_usercardprogress_user_id_d4e50c01; Type: INDEX; Schema: public; Owner: kristinejohnson
--

CREATE INDEX cards_usercardprogress_user_id_d4e50c01 ON public.cards_usercardprogress USING btree (user_id);


--
-- TOC entry 3612 (class 1259 OID 17158)
-- Name: cards_userdeck_cards_card_id_c86fa86f; Type: INDEX; Schema: public; Owner: kristinejohnson
--

CREATE INDEX cards_userdeck_cards_card_id_c86fa86f ON public.cards_userdeck_cards USING btree (card_id);


--
-- TOC entry 3615 (class 1259 OID 17157)
-- Name: cards_userdeck_cards_userdeck_id_37d9ff56; Type: INDEX; Schema: public; Owner: kristinejohnson
--

CREATE INDEX cards_userdeck_cards_userdeck_id_37d9ff56 ON public.cards_userdeck_cards USING btree (userdeck_id);


--
-- TOC entry 3571 (class 1259 OID 16916)
-- Name: django_admin_log_content_type_id_c4bce8eb; Type: INDEX; Schema: public; Owner: kristinejohnson
--

CREATE INDEX django_admin_log_content_type_id_c4bce8eb ON public.django_admin_log USING btree (content_type_id);


--
-- TOC entry 3574 (class 1259 OID 16917)
-- Name: django_admin_log_user_id_c564eba6; Type: INDEX; Schema: public; Owner: kristinejohnson
--

CREATE INDEX django_admin_log_user_id_c564eba6 ON public.django_admin_log USING btree (user_id);


--
-- TOC entry 3604 (class 1259 OID 17124)
-- Name: django_session_expire_date_a5c62663; Type: INDEX; Schema: public; Owner: kristinejohnson
--

CREATE INDEX django_session_expire_date_a5c62663 ON public.django_session USING btree (expire_date);


--
-- TOC entry 3607 (class 1259 OID 17123)
-- Name: django_session_session_key_c0390e0f_like; Type: INDEX; Schema: public; Owner: kristinejohnson
--

CREATE INDEX django_session_session_key_c0390e0f_like ON public.django_session USING btree (session_key varchar_pattern_ops);


--
-- TOC entry 3620 (class 2606 OID 16861)
-- Name: auth_group_permissions auth_group_permissio_permission_id_84c5c92e_fk_auth_perm; Type: FK CONSTRAINT; Schema: public; Owner: kristinejohnson
--

ALTER TABLE ONLY public.auth_group_permissions
    ADD CONSTRAINT auth_group_permissio_permission_id_84c5c92e_fk_auth_perm FOREIGN KEY (permission_id) REFERENCES public.auth_permission(id) DEFERRABLE INITIALLY DEFERRED;


--
-- TOC entry 3619 (class 2606 OID 16856)
-- Name: auth_group_permissions auth_group_permissions_group_id_b120cbf9_fk_auth_group_id; Type: FK CONSTRAINT; Schema: public; Owner: kristinejohnson
--

ALTER TABLE ONLY public.auth_group_permissions
    ADD CONSTRAINT auth_group_permissions_group_id_b120cbf9_fk_auth_group_id FOREIGN KEY (group_id) REFERENCES public.auth_group(id) DEFERRABLE INITIALLY DEFERRED;


--
-- TOC entry 3618 (class 2606 OID 16847)
-- Name: auth_permission auth_permission_content_type_id_2f476e4b_fk_django_co; Type: FK CONSTRAINT; Schema: public; Owner: kristinejohnson
--

ALTER TABLE ONLY public.auth_permission
    ADD CONSTRAINT auth_permission_content_type_id_2f476e4b_fk_django_co FOREIGN KEY (content_type_id) REFERENCES public.django_content_type(id) DEFERRABLE INITIALLY DEFERRED;


--
-- TOC entry 3622 (class 2606 OID 16876)
-- Name: auth_user_groups auth_user_groups_group_id_97559544_fk_auth_group_id; Type: FK CONSTRAINT; Schema: public; Owner: kristinejohnson
--

ALTER TABLE ONLY public.auth_user_groups
    ADD CONSTRAINT auth_user_groups_group_id_97559544_fk_auth_group_id FOREIGN KEY (group_id) REFERENCES public.auth_group(id) DEFERRABLE INITIALLY DEFERRED;


--
-- TOC entry 3621 (class 2606 OID 16871)
-- Name: auth_user_groups auth_user_groups_user_id_6a12ed8b_fk_auth_user_id; Type: FK CONSTRAINT; Schema: public; Owner: kristinejohnson
--

ALTER TABLE ONLY public.auth_user_groups
    ADD CONSTRAINT auth_user_groups_user_id_6a12ed8b_fk_auth_user_id FOREIGN KEY (user_id) REFERENCES public.auth_user(id) DEFERRABLE INITIALLY DEFERRED;


--
-- TOC entry 3624 (class 2606 OID 16890)
-- Name: auth_user_user_permissions auth_user_user_permi_permission_id_1fbb5f2c_fk_auth_perm; Type: FK CONSTRAINT; Schema: public; Owner: kristinejohnson
--

ALTER TABLE ONLY public.auth_user_user_permissions
    ADD CONSTRAINT auth_user_user_permi_permission_id_1fbb5f2c_fk_auth_perm FOREIGN KEY (permission_id) REFERENCES public.auth_permission(id) DEFERRABLE INITIALLY DEFERRED;


--
-- TOC entry 3623 (class 2606 OID 16885)
-- Name: auth_user_user_permissions auth_user_user_permissions_user_id_a95ead1b_fk_auth_user_id; Type: FK CONSTRAINT; Schema: public; Owner: kristinejohnson
--

ALTER TABLE ONLY public.auth_user_user_permissions
    ADD CONSTRAINT auth_user_user_permissions_user_id_a95ead1b_fk_auth_user_id FOREIGN KEY (user_id) REFERENCES public.auth_user(id) DEFERRABLE INITIALLY DEFERRED;


--
-- TOC entry 3627 (class 2606 OID 16978)
-- Name: cards_card cards_card_deck_id_679b88fe_fk_cards_deck_id; Type: FK CONSTRAINT; Schema: public; Owner: kristinejohnson
--

ALTER TABLE ONLY public.cards_card
    ADD CONSTRAINT cards_card_deck_id_679b88fe_fk_cards_deck_id FOREIGN KEY (deck_id) REFERENCES public.cards_deck(id) DEFERRABLE INITIALLY DEFERRED;


--
-- TOC entry 3632 (class 2606 OID 17026)
-- Name: cards_profile_chosen_decks cards_profile_chosen_decks_deck_id_09f49c20_fk_cards_deck_id; Type: FK CONSTRAINT; Schema: public; Owner: kristinejohnson
--

ALTER TABLE ONLY public.cards_profile_chosen_decks
    ADD CONSTRAINT cards_profile_chosen_decks_deck_id_09f49c20_fk_cards_deck_id FOREIGN KEY (deck_id) REFERENCES public.cards_deck(id) DEFERRABLE INITIALLY DEFERRED;


--
-- TOC entry 3631 (class 2606 OID 17021)
-- Name: cards_profile_chosen_decks cards_profile_chosen_profile_id_7c8c1814_fk_cards_pro; Type: FK CONSTRAINT; Schema: public; Owner: kristinejohnson
--

ALTER TABLE ONLY public.cards_profile_chosen_decks
    ADD CONSTRAINT cards_profile_chosen_profile_id_7c8c1814_fk_cards_pro FOREIGN KEY (profile_id) REFERENCES public.cards_profile(id) DEFERRABLE INITIALLY DEFERRED;


--
-- TOC entry 3630 (class 2606 OID 17014)
-- Name: cards_profile cards_profile_user_id_454db9f1_fk_auth_user_id; Type: FK CONSTRAINT; Schema: public; Owner: kristinejohnson
--

ALTER TABLE ONLY public.cards_profile
    ADD CONSTRAINT cards_profile_user_id_454db9f1_fk_auth_user_id FOREIGN KEY (user_id) REFERENCES public.auth_user(id) DEFERRABLE INITIALLY DEFERRED;


--
-- TOC entry 3628 (class 2606 OID 17002)
-- Name: cards_usercardprogress cards_usercardprogress_card_id_13d226d7_fk_cards_card_id; Type: FK CONSTRAINT; Schema: public; Owner: kristinejohnson
--

ALTER TABLE ONLY public.cards_usercardprogress
    ADD CONSTRAINT cards_usercardprogress_card_id_13d226d7_fk_cards_card_id FOREIGN KEY (card_id) REFERENCES public.cards_card(id) DEFERRABLE INITIALLY DEFERRED;


--
-- TOC entry 3629 (class 2606 OID 17007)
-- Name: cards_usercardprogress cards_usercardprogress_user_id_d4e50c01_fk_auth_user_id; Type: FK CONSTRAINT; Schema: public; Owner: kristinejohnson
--

ALTER TABLE ONLY public.cards_usercardprogress
    ADD CONSTRAINT cards_usercardprogress_user_id_d4e50c01_fk_auth_user_id FOREIGN KEY (user_id) REFERENCES public.auth_user(id) DEFERRABLE INITIALLY DEFERRED;


--
-- TOC entry 3635 (class 2606 OID 17152)
-- Name: cards_userdeck_cards cards_userdeck_cards_card_id_c86fa86f_fk_cards_card_id; Type: FK CONSTRAINT; Schema: public; Owner: kristinejohnson
--

ALTER TABLE ONLY public.cards_userdeck_cards
    ADD CONSTRAINT cards_userdeck_cards_card_id_c86fa86f_fk_cards_card_id FOREIGN KEY (card_id) REFERENCES public.cards_card(id) DEFERRABLE INITIALLY DEFERRED;


--
-- TOC entry 3634 (class 2606 OID 17147)
-- Name: cards_userdeck_cards cards_userdeck_cards_userdeck_id_37d9ff56_fk_cards_userdeck_id; Type: FK CONSTRAINT; Schema: public; Owner: kristinejohnson
--

ALTER TABLE ONLY public.cards_userdeck_cards
    ADD CONSTRAINT cards_userdeck_cards_userdeck_id_37d9ff56_fk_cards_userdeck_id FOREIGN KEY (userdeck_id) REFERENCES public.cards_userdeck(id) DEFERRABLE INITIALLY DEFERRED;


--
-- TOC entry 3633 (class 2606 OID 17162)
-- Name: cards_userdeck cards_userdeck_profile_id_2982994f_fk_cards_profile_id; Type: FK CONSTRAINT; Schema: public; Owner: kristinejohnson
--

ALTER TABLE ONLY public.cards_userdeck
    ADD CONSTRAINT cards_userdeck_profile_id_2982994f_fk_cards_profile_id FOREIGN KEY (profile_id) REFERENCES public.cards_profile(id) DEFERRABLE INITIALLY DEFERRED;


--
-- TOC entry 3625 (class 2606 OID 16906)
-- Name: django_admin_log django_admin_log_content_type_id_c4bce8eb_fk_django_co; Type: FK CONSTRAINT; Schema: public; Owner: kristinejohnson
--

ALTER TABLE ONLY public.django_admin_log
    ADD CONSTRAINT django_admin_log_content_type_id_c4bce8eb_fk_django_co FOREIGN KEY (content_type_id) REFERENCES public.django_content_type(id) DEFERRABLE INITIALLY DEFERRED;


--
-- TOC entry 3626 (class 2606 OID 16911)
-- Name: django_admin_log django_admin_log_user_id_c564eba6_fk_auth_user_id; Type: FK CONSTRAINT; Schema: public; Owner: kristinejohnson
--

ALTER TABLE ONLY public.django_admin_log
    ADD CONSTRAINT django_admin_log_user_id_c564eba6_fk_auth_user_id FOREIGN KEY (user_id) REFERENCES public.auth_user(id) DEFERRABLE INITIALLY DEFERRED;


-- Completed on 2024-12-03 21:13:02 EST

--
-- PostgreSQL database dump complete
--

